Gender,Age,Married,BankCustomer,YearsEmployed,PriorDefault,Employed,CreditScore,Income,Approved
Male,64,Yes,Yes,18.2,No,Yes,14,49144,1.0
Female,29,Yes,No,19.9,No,No,5,11279,0.0
Male,33,Yes,Yes,14.0,No,No,19,27584,1.0
Male,41,Yes,No,15.4,No,No,14,44783,1.0
Male,36,No,No,6.7,Yes,Yes,6,39809,0.0
Female,25,No,Yes,18.8,Yes,No,4,41476,0.0
Male,48,Yes,No,10.6,No,Yes,3,10857,0.0
Male,38,No,No,14.6,No,Yes,17,42261,1.0
Male,34,Yes,Yes,18.5,Yes,Yes,2,8052,0.0
Female,40,No,No,19.5,Yes,No,16,16995,0.0
Male,54,No,Yes,16.7,No,No,17,49901,1.0
Male,33,No,Yes,6.1,Yes,Yes,17,13580,0.0
Male,23,No,Yes,19.3,Yes,Yes,1,18240,0.0
Male,25,Yes,No,12.6,No,Yes,12,17910,1.0
Female,42,Yes,Yes,18.6,No,No,14,10216,1.0
Male,35,No,Yes,13.5,No,No,4,38997,0.0
Female,42,No,No,6.1,Yes,Yes,2,46111,0.0
Female,29,Yes,Yes,7.4,No,Yes,4,24911,0.0
Female,32,No,No,11.0,No,No,4,34866,0.0
Male,43,Yes,No,15.8,Yes,Yes,4,15438,0.0
Female,58,Yes,No,6.4,No,No,2,7865,0.0
Male,62,Yes,No,11.6,Yes,No,2,16557,0.0
Female,43,No,Yes,6.9,Yes,Yes,19,12211,0.0
Female,64,Yes,Yes,16.3,Yes,Yes,17,33268,0.0
Female,49,No,Yes,9.3,Yes,No,19,3646,0.0
Female,27,Yes,Yes,1.5,Yes,No,3,42816,0.0
Female,33,No,Yes,3.3,Yes,No,0,23924,0.0
Female,24,No,No,1.2,No,No,15,44112,1.0
Female,34,No,Yes,10.0,No,No,7,9910,1.0
Female,40,Yes,Yes,2.1,No,Yes,16,1778,0.0
Male,43,Yes,Yes,2.3,Yes,No,7,45752,0.0
Male,38,No,No,18.8,No,No,6,19441,1.0
Female,39,No,No,17.5,Yes,No,7,5190,0.0
Female,24,No,Yes,9.0,No,Yes,11,15304,1.0
Female,31,Yes,No,19.7,Yes,Yes,15,39765,0.0
Male,32,Yes,Yes,0.0,No,No,11,27289,1.0
Female,24,Yes,Yes,12.3,Yes,No,18,44788,0.0
Male,26,Yes,No,12.3,No,Yes,9,4747,0.0
Male,68,No,No,9.1,Yes,Yes,6,9286,0.0
Male,65,No,Yes,7.9,No,Yes,11,45,0.0
Male,25,Yes,Yes,9.1,Yes,Yes,19,29742,0.0
Male,67,Yes,No,8.3,No,No,4,7758,0.0
Female,40,No,Yes,14.6,No,Yes,15,23437,1.0
Female,46,Yes,No,2.7,No,No,8,19585,1.0
Female,35,Yes,Yes,4.0,Yes,No,6,33223,0.0
Female,48,Yes,No,3.6,Yes,Yes,19,9854,0.0
Female,47,Yes,Yes,5.2,Yes,Yes,13,17349,0.0
Male,69,Yes,Yes,10.5,Yes,Yes,10,30692,0.0
Female,56,Yes,No,2.2,Yes,Yes,6,21348,0.0
Female,52,No,Yes,17.4,No,No,9,34296,1.0
Male,35,Yes,Yes,5.9,Yes,No,8,35744,0.0
Female,59,Yes,No,3.3,No,No,3,19455,0.0
Male,56,No,Yes,13.5,No,Yes,15,13288,1.0
Female,34,No,Yes,0.8,Yes,No,9,6387,0.0
Male,31,No,Yes,12.4,No,Yes,18,35289,1.0
Female,48,Yes,No,14.0,Yes,No,16,39293,0.0
Female,41,No,No,4.3,Yes,Yes,8,33894,0.0
Male,52,Yes,No,0.8,Yes,No,12,23016,0.0
Male,61,Yes,Yes,7.3,No,No,0,46116,0.0
Male,62,Yes,Yes,2.0,Yes,Yes,1,40484,0.0
Male,51,No,Yes,2.3,Yes,No,12,30215,0.0
Male,20,No,Yes,5.1,Yes,No,8,16102,0.0
Male,54,No,No,5.9,No,Yes,6,3404,0.0
Male,60,No,Yes,10.6,Yes,Yes,15,37260,0.0
Male,57,No,Yes,13.6,No,Yes,18,35111,1.0
Female,43,Yes,Yes,11.9,No,Yes,6,106,0.0
Female,40,Yes,No,3.0,Yes,Yes,5,15195,0.0
Male,61,Yes,Yes,3.4,No,No,17,46009,1.0
Female,56,Yes,Yes,17.6,No,Yes,18,27153,1.0
Female,32,No,Yes,11.2,Yes,No,10,29605,0.0
Female,66,No,Yes,17.4,Yes,No,11,45343,0.0
Female,21,Yes,Yes,7.4,Yes,Yes,9,37569,0.0
Male,46,No,No,12.3,No,No,12,5580,1.0
Female,39,No,Yes,10.5,Yes,No,11,49366,0.0
Male,42,Yes,Yes,6.4,No,Yes,9,5400,1.0
Female,30,Yes,Yes,9.4,No,No,19,39643,1.0
Female,35,No,Yes,10.0,No,Yes,17,30649,1.0
Female,50,No,Yes,4.0,No,Yes,3,30496,0.0
Male,33,Yes,Yes,6.3,No,Yes,4,20637,0.0
Female,62,Yes,Yes,15.8,Yes,No,4,41424,0.0
Male,59,Yes,Yes,18.3,Yes,No,11,39015,0.0
Female,61,No,Yes,7.2,No,No,2,6177,0.0
Male,19,Yes,Yes,6.1,No,No,7,7269,1.0
Female,52,Yes,No,3.9,Yes,Yes,1,14974,0.0
Male,59,No,No,13.6,Yes,No,17,14037,0.0
Male,51,No,No,6.5,No,Yes,8,18756,1.0
Female,47,No,No,19.8,No,No,12,16167,1.0
Male,30,No,Yes,6.5,Yes,No,6,23218,0.0
Female,30,No,No,7.9,Yes,No,9,25167,0.0
Female,35,Yes,No,12.1,No,No,8,43148,1.0
Female,49,Yes,Yes,16.0,Yes,No,14,6617,0.0
Female,49,No,No,9.4,Yes,Yes,4,21534,0.0
Female,52,No,No,8.5,No,No,11,25459,1.0
Female,56,No,Yes,19.9,No,No,0,20542,0.0
Female,63,No,Yes,0.2,No,No,11,303,0.0
Female,69,No,Yes,17.9,Yes,No,5,29756,0.0
Female,46,Yes,No,3.0,No,Yes,18,12683,1.0
Female,66,Yes,No,15.7,Yes,No,18,49485,0.0
Female,46,Yes,Yes,12.4,No,Yes,15,32695,1.0
Male,61,Yes,Yes,6.8,No,No,18,11025,1.0
Male,33,No,No,17.5,Yes,Yes,2,20890,0.0
Female,61,Yes,Yes,0.3,Yes,Yes,9,18715,0.0
Female,64,No,No,4.5,No,Yes,17,4561,0.0
Female,27,No,Yes,11.3,No,Yes,12,32847,1.0
Female,47,No,Yes,7.0,Yes,Yes,17,36531,0.0
Female,42,Yes,No,12.2,No,No,2,27407,0.0
Female,56,No,Yes,0.5,Yes,Yes,2,21580,0.0
Female,37,Yes,Yes,2.3,Yes,No,11,10169,0.0
Female,22,Yes,Yes,2.5,No,Yes,19,17116,1.0
Male,18,No,No,3.8,Yes,Yes,6,36744,0.0
Female,47,No,Yes,9.2,Yes,No,7,22043,0.0
Male,66,No,Yes,15.0,Yes,Yes,8,2124,0.0
Female,20,Yes,Yes,18.1,No,Yes,13,39420,1.0
Female,62,No,Yes,16.7,Yes,Yes,4,38051,0.0
Male,31,Yes,Yes,3.9,No,Yes,18,7176,1.0
Female,47,No,Yes,8.8,No,No,15,25774,1.0
Male,67,No,No,4.0,No,Yes,11,18676,1.0
Female,21,Yes,No,5.3,Yes,Yes,3,45177,0.0
Female,35,Yes,Yes,10.1,Yes,No,7,24760,0.0
Male,54,Yes,No,1.4,No,No,6,45087,1.0
Female,42,Yes,No,4.4,No,Yes,14,997,0.0
Male,65,Yes,Yes,18.7,Yes,Yes,5,43769,0.0
Female,18,Yes,No,9.3,No,No,4,37432,0.0
Male,63,No,No,8.9,No,Yes,13,13117,1.0
Male,32,No,No,0.3,Yes,No,12,11231,0.0
Female,26,Yes,No,4.9,No,Yes,9,29751,1.0
Female,32,No,No,17.3,Yes,No,17,7440,0.0
Male,66,Yes,No,3.3,Yes,No,3,19911,0.0
Female,41,No,No,8.3,No,No,7,43986,1.0
Female,21,No,No,0.3,Yes,Yes,10,15608,0.0
Female,29,Yes,Yes,9.6,Yes,Yes,16,29665,0.0
Male,54,Yes,Yes,0.4,Yes,Yes,17,27157,0.0
Male,54,Yes,No,16.4,No,Yes,10,28779,1.0
Male,60,No,No,16.5,No,No,15,29968,1.0
Male,23,Yes,Yes,15.8,No,No,11,27387,1.0
Male,56,No,No,5.7,Yes,No,12,4090,0.0
Male,63,Yes,No,16.7,Yes,Yes,15,24945,0.0
Male,41,No,Yes,10.9,No,Yes,0,40239,0.0
Male,28,No,Yes,7.5,No,Yes,15,3743,0.0
Male,30,Yes,Yes,12.5,Yes,No,14,30924,0.0
Female,51,No,No,0.2,No,Yes,5,10196,0.0
Male,42,No,No,2.9,No,Yes,11,26279,1.0
Female,24,Yes,Yes,14.8,No,No,7,39776,1.0
Female,69,No,Yes,4.9,No,No,6,3324,0.0
Female,21,Yes,No,12.0,No,Yes,1,41400,0.0
Male,25,Yes,Yes,7.7,Yes,No,11,19641,0.0
Male,37,Yes,No,17.1,No,Yes,13,27482,1.0
Male,46,Yes,No,19.0,No,No,15,32994,1.0
Male,68,No,Yes,17.7,Yes,No,10,14863,0.0
Female,62,No,Yes,5.4,Yes,No,19,48795,0.0
Male,63,No,No,3.9,Yes,Yes,8,37486,0.0
Male,27,Yes,Yes,9.5,Yes,Yes,9,38440,0.0
Male,60,No,Yes,0.1,No,Yes,16,24111,1.0
Male,51,No,Yes,0.5,No,No,11,48030,1.0
Male,43,Yes,Yes,11.1,No,No,5,3199,0.0
Female,58,Yes,No,10.4,No,No,18,38038,1.0
Male,66,No,No,19.9,Yes,No,10,45518,0.0
Female,20,Yes,No,4.0,Yes,Yes,8,7897,0.0
Male,23,Yes,No,5.2,No,Yes,5,41432,0.0
Female,22,Yes,Yes,2.3,No,Yes,15,14892,1.0
Male,22,Yes,Yes,18.4,No,No,19,8271,1.0
Male,64,No,No,15.6,No,No,15,37926,1.0
Female,40,Yes,No,16.4,Yes,Yes,5,24815,0.0
Female,66,Yes,Yes,18.1,No,No,4,45612,0.0
Female,26,Yes,No,10.5,Yes,Yes,3,33357,0.0
Male,52,Yes,No,9.0,Yes,No,1,9552,0.0
Female,37,Yes,Yes,6.6,Yes,No,5,16267,0.0
Male,66,Yes,No,11.8,Yes,Yes,8,18268,0.0
Male,59,Yes,Yes,9.1,No,Yes,16,48927,1.0
Female,52,Yes,Yes,9.0,No,No,13,14263,1.0
Female,67,No,No,18.7,No,Yes,6,5399,1.0
Male,35,Yes,Yes,19.7,No,Yes,18,29811,1.0
Male,34,No,No,15.9,Yes,No,0,29006,0.0
Female,41,Yes,Yes,15.1,Yes,No,19,41271,0.0
Female,20,Yes,No,13.6,Yes,No,14,1076,0.0
Female,49,Yes,No,3.3,No,Yes,17,7235,1.0
Male,52,Yes,No,1.2,Yes,No,2,23221,0.0
Male,55,No,Yes,13.8,Yes,No,17,16417,0.0
Male,30,Yes,Yes,14.6,Yes,No,1,32539,0.0
Male,64,Yes,No,0.9,Yes,No,9,34609,0.0
Male,42,No,Yes,18.6,No,No,10,37249,1.0
Male,26,No,No,1.8,Yes,Yes,2,33902,0.0
Female,21,Yes,No,5.7,Yes,No,6,23645,0.0
Male,31,No,Yes,13.4,No,No,7,21682,1.0
Male,54,No,No,3.4,No,Yes,18,45907,1.0
Male,51,No,Yes,1.1,No,No,17,23401,1.0
Female,28,Yes,No,6.6,Yes,No,12,7771,0.0
Male,58,Yes,Yes,15.3,Yes,Yes,12,41335,0.0
Male,20,Yes,No,8.3,Yes,No,18,8915,0.0
Female,45,No,No,13.1,Yes,Yes,11,13898,0.0
Male,46,Yes,Yes,11.6,No,No,16,1913,0.0
Male,26,No,No,0.4,Yes,Yes,11,37065,0.0
Male,20,Yes,No,19.8,Yes,Yes,12,27068,0.0
Male,42,Yes,Yes,0.8,No,No,11,1942,0.0
Male,51,No,No,19.4,No,Yes,18,20388,1.0
Female,29,Yes,Yes,11.0,No,Yes,13,17715,1.0
Female,59,No,No,19.3,Yes,No,6,337,0.0
Female,26,No,Yes,2.3,Yes,No,12,47024,0.0
Male,32,Yes,No,9.8,Yes,Yes,5,23450,0.0
Male,57,No,No,3.4,Yes,No,18,10057,0.0
Male,42,Yes,No,1.0,Yes,Yes,18,27713,0.0
Female,22,Yes,Yes,12.4,No,Yes,3,8983,0.0
Male,28,No,Yes,4.2,No,No,18,19995,1.0
Male,51,Yes,Yes,11.8,Yes,No,8,49051,0.0
Female,41,No,Yes,2.2,Yes,Yes,15,36468,0.0
Male,32,Yes,No,6.6,Yes,No,3,26092,0.0
Female,55,Yes,No,15.6,Yes,No,5,12145,0.0
Female,25,Yes,Yes,8.7,Yes,Yes,7,38886,0.0
Female,22,Yes,Yes,12.6,No,Yes,15,23489,1.0
Male,65,Yes,Yes,12.9,No,Yes,4,31036,0.0
Male,43,No,No,16.9,No,Yes,9,29613,1.0
Male,35,No,Yes,6.5,Yes,Yes,12,28484,0.0
Male,23,No,Yes,13.7,Yes,Yes,13,2673,0.0
Male,54,No,No,19.2,No,No,6,34890,1.0
Male,65,No,No,14.6,No,Yes,19,11977,1.0
Male,30,No,Yes,9.8,Yes,No,5,23466,0.0
Female,45,Yes,No,12.6,No,No,6,41018,1.0
Male,22,Yes,Yes,14.8,No,Yes,4,27009,0.0
Female,30,No,No,12.2,Yes,No,17,3688,0.0
Male,34,No,Yes,0.3,No,Yes,11,3748,0.0
Male,67,Yes,Yes,3.9,No,No,5,39110,0.0
Male,57,Yes,Yes,16.2,No,Yes,0,49043,0.0
Female,62,Yes,Yes,5.5,Yes,Yes,3,13665,0.0
Female,49,No,No,14.6,No,Yes,18,36898,1.0
Female,46,No,No,7.4,No,Yes,11,20641,1.0
Female,68,No,No,10.4,No,No,14,32500,1.0
Male,20,Yes,No,1.4,Yes,No,2,35797,0.0
Female,57,Yes,Yes,3.6,Yes,No,19,19230,0.0
Male,51,No,Yes,19.1,No,No,7,45950,1.0
Male,57,No,No,17.8,Yes,No,10,25046,0.0
Female,44,Yes,No,13.0,No,Yes,15,36803,1.0
Female,30,Yes,No,9.2,Yes,Yes,8,47895,0.0
Female,62,Yes,No,13.5,Yes,Yes,2,35667,0.0
Female,50,Yes,No,12.4,No,Yes,4,9638,0.0
Female,23,No,Yes,11.4,No,Yes,19,20827,1.0
Female,41,Yes,Yes,1.2,No,No,13,21173,1.0
Female,36,Yes,Yes,12.7,Yes,Yes,14,13222,0.0
Female,33,Yes,No,15.4,No,Yes,5,37010,0.0
Male,57,No,No,19.9,Yes,No,3,18095,0.0
Female,45,No,No,0.2,Yes,No,7,1439,0.0
Female,50,Yes,No,14.6,No,Yes,18,38381,1.0
Male,65,Yes,Yes,11.4,Yes,Yes,4,20014,0.0
Female,58,Yes,Yes,8.7,No,No,12,5375,1.0
Male,30,No,No,2.6,Yes,Yes,15,23487,0.0
Male,60,No,Yes,8.2,No,Yes,0,41645,0.0
Female,62,No,Yes,7.1,Yes,Yes,12,25702,0.0
Male,42,Yes,No,6.1,Yes,No,10,20600,0.0
Male,59,No,No,14.6,No,Yes,7,2466,0.0
Male,53,Yes,No,14.0,Yes,Yes,7,40592,0.0
Male,44,Yes,No,11.8,No,No,13,45097,1.0
Female,55,Yes,No,18.8,Yes,No,12,44398,0.0
Male,24,No,No,7.0,Yes,No,2,46971,0.0
Female,22,Yes,Yes,4.9,Yes,Yes,3,6928,0.0
Male,60,No,Yes,13.1,No,No,19,22480,1.0
Male,62,No,No,4.0,No,Yes,14,9111,1.0
Male,68,Yes,Yes,6.3,No,No,14,40888,1.0
Male,48,Yes,No,4.5,No,Yes,12,29489,1.0
Female,40,No,No,1.4,No,No,8,43832,1.0
Female,59,Yes,No,16.5,Yes,Yes,9,9404,0.0
Male,27,No,No,5.1,Yes,Yes,11,33639,0.0
Male,49,Yes,Yes,9.5,No,No,13,12582,1.0
Female,60,No,No,0.9,Yes,No,0,863,0.0
Male,47,No,Yes,14.0,Yes,Yes,13,47651,0.0
Male,56,No,No,6.6,Yes,No,13,44913,0.0
Male,48,No,No,14.9,Yes,Yes,7,27684,0.0
Female,35,Yes,No,8.2,No,No,15,3055,0.0
Female,53,Yes,Yes,3.9,Yes,No,13,12186,0.0
Female,19,No,No,10.3,No,Yes,0,2682,0.0
Male,31,No,No,2.6,No,No,15,45650,1.0
Male,30,Yes,No,8.8,Yes,No,17,38046,0.0
Female,46,Yes,Yes,6.3,No,Yes,6,46573,1.0
Female,29,Yes,Yes,18.2,Yes,Yes,14,21832,0.0
Female,56,Yes,Yes,1.2,Yes,No,16,16997,0.0
Female,19,Yes,No,13.9,Yes,Yes,18,34640,0.0
Male,49,Yes,Yes,3.7,No,No,12,11346,1.0
Female,30,No,No,6.4,No,No,8,40491,1.0
Male,63,Yes,Yes,8.3,No,Yes,14,46639,1.0
Female,44,Yes,Yes,18.2,Yes,Yes,2,48714,0.0
Male,66,No,No,4.9,Yes,Yes,0,7189,0.0
Female,58,Yes,Yes,1.8,Yes,Yes,15,45520,0.0
Female,34,Yes,No,6.4,No,Yes,7,44333,1.0
Female,57,Yes,No,2.1,Yes,Yes,12,21770,0.0
Female,48,Yes,Yes,2.6,Yes,No,7,39710,0.0
Male,51,Yes,No,11.5,No,No,16,47498,1.0
Female,41,No,No,1.2,No,Yes,13,44151,1.0
Male,62,Yes,Yes,0.6,No,No,6,244,0.0
Male,52,No,Yes,14.3,Yes,No,14,32788,0.0
Male,65,No,No,7.2,Yes,No,15,29805,0.0
Male,23,Yes,Yes,2.5,Yes,No,18,13917,0.0
Female,36,No,No,5.1,No,Yes,5,46489,0.0
Male,47,Yes,No,12.8,No,No,0,5767,0.0
Male,24,No,Yes,5.5,No,No,11,28390,1.0
Male,27,No,Yes,9.9,No,Yes,17,10247,1.0
Female,58,Yes,Yes,2.4,Yes,Yes,15,3515,0.0
Female,49,Yes,Yes,11.8,Yes,Yes,11,34678,0.0
Female,51,Yes,No,6.3,Yes,Yes,19,22266,0.0
Female,45,Yes,No,12.5,Yes,No,12,10750,0.0
Male,32,Yes,Yes,16.2,Yes,Yes,7,29583,0.0
Male,47,No,Yes,12.2,Yes,No,0,8076,0.0
Female,54,No,No,5.9,Yes,No,6,18006,0.0
Male,46,No,No,5.1,Yes,Yes,14,15051,0.0
Male,39,No,No,6.5,No,Yes,12,4314,0.0
Male,21,No,No,3.3,No,Yes,12,28670,1.0
Female,37,No,Yes,3.6,Yes,Yes,8,35221,0.0
Female,49,No,No,15.8,No,Yes,14,2015,0.0
Male,53,Yes,No,7.7,Yes,Yes,3,10236,0.0
Female,67,Yes,Yes,8.7,Yes,No,12,35568,0.0
Female,21,No,No,11.9,No,No,11,41791,1.0
Female,44,No,No,11.8,Yes,No,4,44652,0.0
Female,34,Yes,Yes,1.3,Yes,No,6,26367,0.0
Female,29,Yes,Yes,16.6,Yes,Yes,7,16352,0.0
Male,39,Yes,Yes,3.5,Yes,Yes,4,45650,0.0
Female,34,Yes,No,14.5,Yes,No,8,10346,0.0
Male,27,No,No,15.5,Yes,No,13,25156,0.0
Male,18,Yes,Yes,14.3,Yes,No,11,14035,0.0
Female,39,No,Yes,11.6,No,Yes,3,16108,0.0
Male,43,No,No,0.3,No,Yes,19,2853,0.0
Male,35,No,Yes,7.2,Yes,Yes,7,18620,0.0
Male,67,Yes,Yes,12.1,No,No,16,4176,0.0
Female,31,Yes,Yes,7.7,Yes,No,7,34923,0.0
Female,64,No,No,17.3,Yes,Yes,0,25920,0.0
Male,46,No,No,6.2,Yes,Yes,19,6829,0.0
Female,29,No,No,5.9,Yes,No,1,34654,0.0
Female,53,Yes,No,5.3,No,No,3,39239,0.0
Female,52,No,No,6.7,No,Yes,0,25130,0.0
Female,69,Yes,No,11.1,No,No,6,45357,1.0
Male,29,No,Yes,14.1,No,Yes,0,8391,0.0
Male,24,No,No,13.3,Yes,Yes,8,19324,0.0
Female,46,No,No,16.2,No,No,2,46118,0.0
Female,28,Yes,Yes,17.7,Yes,No,11,40667,0.0
Male,50,Yes,No,16.3,Yes,No,18,306,0.0
Male,23,No,No,0.4,No,Yes,14,35843,1.0
Female,64,Yes,Yes,14.7,Yes,No,15,30543,0.0
Male,32,No,Yes,4.2,No,No,9,7244,1.0
Female,49,Yes,Yes,2.7,No,Yes,5,6611,0.0
Female,68,Yes,No,12.8,No,Yes,16,22706,1.0
Male,28,Yes,Yes,6.4,No,No,16,19076,1.0
Male,40,No,No,1.1,No,Yes,18,46902,1.0
Female,43,Yes,No,2.8,Yes,Yes,17,33043,0.0
Female,51,Yes,No,0.0,No,Yes,10,5271,1.0
Male,63,No,No,18.1,No,No,6,7331,1.0
Female,51,No,Yes,0.5,Yes,No,9,11553,0.0
Male,46,No,Yes,4.2,No,Yes,6,31340,1.0
Female,21,No,No,8.3,No,Yes,4,11573,0.0
Male,34,Yes,Yes,7.1,Yes,Yes,11,21409,0.0
Male,52,Yes,No,18.2,Yes,No,15,20434,0.0
Male,30,Yes,No,0.8,No,Yes,17,24464,1.0
Female,58,Yes,No,10.2,Yes,Yes,2,42840,0.0
Female,56,Yes,Yes,13.6,No,No,19,48785,1.0
Male,32,No,No,18.6,Yes,Yes,14,20662,0.0
Female,46,Yes,No,12.4,No,No,4,18228,0.0
Male,46,Yes,Yes,16.1,No,No,12,49223,1.0
Male,28,Yes,Yes,1.7,No,No,18,7386,1.0
Female,69,No,Yes,7.7,Yes,Yes,11,6862,0.0
Female,49,No,Yes,7.5,No,Yes,4,40108,0.0
Male,19,Yes,No,17.7,Yes,No,5,26252,0.0
Female,64,No,Yes,3.0,No,Yes,6,9487,1.0
Female,31,No,No,3.0,No,No,9,47829,1.0
Male,37,No,Yes,6.6,No,Yes,15,40403,1.0
Male,39,No,Yes,1.1,No,No,7,14604,1.0
Female,28,No,Yes,3.6,No,No,8,17427,1.0
Male,44,No,Yes,19.3,Yes,Yes,3,27201,0.0
Male,20,No,Yes,8.6,Yes,Yes,7,3042,0.0
Female,34,Yes,Yes,12.6,Yes,Yes,6,49966,0.0
Male,61,Yes,No,14.5,No,Yes,14,10386,1.0
Male,45,No,Yes,7.3,No,No,2,11692,0.0
Female,46,Yes,Yes,2.9,Yes,No,16,15225,0.0
Female,38,Yes,Yes,4.1,No,Yes,10,16693,1.0
Male,64,No,Yes,6.3,No,Yes,8,6661,1.0
Male,33,Yes,No,12.7,No,No,4,43021,0.0
Female,54,No,Yes,8.0,Yes,Yes,9,18261,0.0
Female,37,No,Yes,0.1,Yes,Yes,14,27378,0.0
Female,23,No,Yes,10.5,Yes,Yes,13,21219,0.0
Female,36,Yes,Yes,18.4,Yes,Yes,3,11937,0.0
Male,22,Yes,No,16.2,Yes,No,19,794,0.0
Female,20,Yes,Yes,16.5,No,No,1,47366,0.0
Female,18,Yes,No,15.9,No,Yes,11,6786,1.0
Male,55,No,Yes,6.5,No,No,0,36782,0.0
Female,32,No,No,15.3,No,Yes,19,40160,1.0
Male,51,Yes,No,2.9,Yes,Yes,4,45313,0.0
Female,52,No,Yes,13.2,Yes,Yes,5,38121,0.0
Female,66,No,Yes,12.8,No,No,10,36175,1.0
Female,42,Yes,No,0.5,Yes,No,7,27032,0.0
Male,41,No,No,15.8,No,No,6,26427,1.0
Male,29,Yes,Yes,18.1,No,No,3,17358,0.0
Female,35,No,No,5.3,No,No,5,29790,0.0
Male,32,Yes,No,16.2,No,Yes,15,20621,1.0
Male,61,No,No,1.6,Yes,Yes,19,48821,0.0
Male,33,No,Yes,12.0,No,No,14,28365,1.0
Male,44,Yes,No,9.7,Yes,No,13,13189,0.0
Male,25,Yes,No,10.9,No,No,11,11213,1.0
Male,63,Yes,No,18.5,No,Yes,11,7248,1.0
Female,42,Yes,Yes,17.4,No,No,15,4369,0.0
Female,34,No,Yes,15.7,No,Yes,14,8050,1.0
Male,46,No,No,5.5,Yes,Yes,12,28605,0.0
Female,25,Yes,Yes,18.2,No,No,10,49616,1.0
Female,32,No,No,2.0,Yes,Yes,16,38183,0.0
Female,44,Yes,Yes,17.1,No,Yes,14,15398,1.0
Female,63,Yes,Yes,6.6,No,No,13,40883,1.0
Male,67,No,No,1.1,No,Yes,9,33055,1.0
Female,69,No,Yes,13.4,Yes,No,11,3195,0.0
Female,24,Yes,Yes,4.6,No,Yes,15,25451,1.0
Male,20,Yes,Yes,4.9,No,No,14,7450,1.0
Male,46,Yes,No,6.1,No,No,9,2925,0.0
Female,61,No,Yes,1.3,No,Yes,3,14515,0.0
Female,41,No,Yes,3.5,No,No,8,5310,1.0
Female,20,No,No,0.1,Yes,Yes,19,31817,0.0
Female,37,No,Yes,8.9,Yes,Yes,8,49598,0.0
Female,63,Yes,Yes,1.7,No,No,19,27408,1.0
Female,32,Yes,Yes,13.7,No,Yes,10,44528,1.0
Male,42,Yes,Yes,4.7,Yes,No,10,47664,0.0
Female,47,Yes,Yes,18.9,No,Yes,6,19280,1.0
Female,31,Yes,No,17.4,Yes,Yes,9,17105,0.0
Male,24,Yes,No,5.8,No,No,3,18547,0.0
Male,34,No,Yes,15.7,No,Yes,4,10774,0.0
Male,61,No,Yes,16.1,Yes,Yes,4,15457,0.0
Male,37,Yes,Yes,19.7,No,Yes,10,42311,1.0
Female,53,Yes,No,12.0,Yes,Yes,8,3980,0.0
Female,26,No,No,1.6,Yes,Yes,15,20886,0.0
Female,55,No,Yes,12.9,Yes,Yes,8,11576,0.0
Female,65,No,Yes,12.5,No,Yes,3,31891,0.0
Female,39,No,No,12.8,Yes,Yes,1,36181,0.0
Female,19,Yes,Yes,6.1,Yes,No,13,33262,0.0
Male,41,Yes,No,17.2,No,Yes,2,947,0.0
Female,25,Yes,No,19.2,No,Yes,17,22,0.0
Male,28,Yes,Yes,4.4,No,No,5,1128,0.0
Male,30,Yes,No,1.8,No,No,10,13986,1.0
Female,34,No,Yes,3.9,No,No,17,32322,1.0
Male,25,Yes,Yes,16.4,No,Yes,11,48929,1.0
Female,38,No,Yes,13.5,Yes,No,4,16160,0.0
Male,35,Yes,Yes,12.7,No,No,8,49709,1.0
Female,47,Yes,Yes,8.0,Yes,Yes,19,9808,0.0
Male,35,Yes,Yes,11.6,No,Yes,17,29612,1.0
Female,63,Yes,No,6.2,Yes,No,18,21725,0.0
Female,64,Yes,No,9.5,Yes,No,2,6998,0.0
Female,48,No,No,15.9,No,Yes,8,39950,1.0
Female,55,No,No,19.6,No,Yes,3,23418,0.0
Female,49,No,Yes,18.6,Yes,Yes,16,18040,0.0
Male,28,Yes,No,18.7,No,Yes,16,20557,1.0
Male,62,Yes,No,8.0,No,Yes,1,21825,0.0
Male,42,No,No,9.4,Yes,No,8,8998,0.0
Female,50,Yes,Yes,14.1,Yes,Yes,8,36080,0.0
Male,55,Yes,No,18.4,Yes,Yes,4,46097,0.0
Female,58,No,Yes,2.8,No,Yes,14,15802,1.0
Female,25,Yes,No,6.1,No,Yes,14,11167,1.0
Male,28,No,Yes,2.8,No,Yes,2,35092,0.0
Male,39,Yes,Yes,12.2,No,No,18,42407,1.0
Female,68,No,No,6.1,Yes,Yes,2,13338,0.0
Male,41,Yes,Yes,6.5,No,No,5,10753,0.0
Female,58,Yes,Yes,1.4,Yes,Yes,3,5984,0.0
Female,34,No,No,7.0,No,No,12,18895,1.0
Female,29,Yes,No,17.2,No,No,12,47910,1.0
Female,63,Yes,No,4.7,Yes,Yes,10,43831,0.0
Female,49,No,Yes,13.9,No,Yes,4,362,0.0
Male,32,Yes,Yes,12.6,No,Yes,0,3454,0.0
Male,33,No,Yes,17.3,Yes,Yes,8,21004,0.0
Female,39,Yes,No,2.6,No,Yes,16,36023,1.0
Female,45,Yes,Yes,19.6,Yes,No,0,17601,0.0
Male,37,Yes,Yes,11.7,Yes,Yes,2,5349,0.0
Male,50,Yes,Yes,19.9,Yes,Yes,14,39963,0.0
Female,27,No,Yes,18.2,Yes,No,9,10047,0.0
Male,57,Yes,Yes,4.4,No,Yes,7,7750,1.0
Female,49,No,Yes,1.1,No,No,11,29393,1.0
Male,67,Yes,Yes,5.1,No,Yes,14,22463,1.0
Female,50,Yes,No,10.6,Yes,No,8,9399,0.0
Male,19,Yes,No,3.4,No,Yes,9,13686,1.0
Female,50,Yes,No,3.3,No,No,19,40803,1.0
Male,50,No,Yes,9.3,No,No,8,34275,1.0
Male,58,No,Yes,0.7,No,Yes,14,22787,1.0
Female,30,No,No,2.4,Yes,Yes,0,14776,0.0
Male,47,No,Yes,8.3,Yes,Yes,1,29527,0.0
Female,50,Yes,No,1.3,No,No,18,39351,1.0
Male,30,No,Yes,7.9,Yes,No,13,36695,0.0
Female,69,No,Yes,9.5,No,No,7,15797,1.0
Male,43,Yes,No,9.0,No,Yes,5,36999,0.0
Female,39,Yes,No,17.4,No,Yes,11,5302,1.0
Male,56,Yes,No,10.6,Yes,No,14,38059,0.0
Female,19,Yes,No,9.4,No,Yes,13,908,0.0
Male,55,No,No,8.2,Yes,No,0,15123,0.0
Female,56,No,Yes,16.4,Yes,Yes,10,12877,0.0
Female,43,Yes,Yes,17.9,No,Yes,2,14239,0.0
Female,63,Yes,Yes,17.1,Yes,No,18,21435,0.0
Male,67,Yes,No,13.5,Yes,Yes,17,27313,0.0
Female,32,No,No,2.7,No,Yes,19,35354,1.0
Male,51,No,No,5.5,Yes,Yes,1,42103,0.0
Female,59,Yes,No,0.9,Yes,Yes,6,48408,0.0
Male,61,Yes,No,18.6,No,Yes,7,17715,1.0
Female,66,No,No,13.2,No,No,18,23235,1.0
Male,57,Yes,Yes,14.9,Yes,Yes,14,26129,0.0
Male,28,Yes,Yes,6.2,No,No,9,10534,1.0
Female,20,No,Yes,16.9,No,Yes,0,34574,0.0
Male,23,Yes,Yes,5.2,Yes,Yes,5,43060,0.0
Male,26,No,Yes,0.0,Yes,No,12,17189,0.0
Female,23,Yes,No,7.5,No,No,13,20531,1.0
Male,26,Yes,No,11.4,Yes,Yes,2,10967,0.0
Male,56,No,No,9.6,No,Yes,10,16455,1.0
Male,48,No,No,17.2,No,No,2,27,0.0
Female,49,Yes,No,2.1,Yes,No,18,8660,0.0
Male,58,No,No,11.1,Yes,No,9,25339,0.0
Female,67,Yes,Yes,10.3,No,No,14,39823,1.0
Male,29,Yes,No,5.6,No,Yes,10,9616,1.0
Male,25,No,No,16.4,No,Yes,14,10440,1.0
Male,25,Yes,No,15.1,No,Yes,12,36600,1.0
Female,67,Yes,No,14.7,Yes,Yes,4,48738,0.0
Male,45,No,Yes,17.5,No,Yes,3,13107,0.0
Male,37,No,Yes,14.5,Yes,No,12,28646,0.0
Female,64,Yes,No,4.6,Yes,No,8,46545,0.0
Male,24,No,Yes,14.1,No,No,16,26251,1.0
Female,28,No,Yes,6.2,Yes,Yes,1,15954,0.0
Female,37,No,No,4.8,Yes,No,4,16943,0.0
Male,33,No,No,1.5,No,Yes,15,40725,1.0
Female,21,Yes,No,14.9,Yes,Yes,6,45434,0.0
Male,23,Yes,No,14.2,Yes,Yes,0,20215,0.0
Female,39,Yes,No,4.7,No,No,11,10110,1.0
Female,43,No,Yes,15.0,No,Yes,10,40112,1.0
Male,20,No,No,18.4,No,Yes,11,21555,1.0
Female,58,No,No,2.2,No,No,18,16462,1.0
Female,59,No,No,4.7,No,Yes,11,13696,1.0
Female,31,No,Yes,15.0,No,No,11,1031,0.0
Female,28,No,No,5.5,No,Yes,13,23765,1.0
Female,35,No,No,12.5,Yes,No,1,47858,0.0
Male,29,Yes,No,1.6,Yes,Yes,1,15816,0.0
Female,40,Yes,Yes,9.0,No,Yes,3,17868,0.0
Male,29,No,No,14.8,Yes,No,19,10437,0.0
Female,30,No,No,13.7,Yes,Yes,15,15453,0.0
Male,42,No,No,16.3,No,No,9,22222,1.0
Male,62,Yes,Yes,17.5,Yes,Yes,12,14258,0.0
Female,68,Yes,No,15.5,No,No,1,34318,0.0
Female,36,No,No,13.4,Yes,Yes,2,12977,0.0
Female,63,No,No,0.6,No,Yes,18,37450,1.0
Male,53,Yes,Yes,10.7,Yes,Yes,5,47207,0.0
Female,62,Yes,No,0.8,Yes,No,18,18213,0.0
Male,25,Yes,No,16.2,Yes,No,19,36519,0.0
Male,46,Yes,No,6.4,No,No,18,45682,1.0
Male,49,No,Yes,11.2,Yes,No,7,10223,0.0
Female,68,Yes,Yes,5.6,Yes,No,13,48166,0.0
Female,61,Yes,No,15.7,No,Yes,9,39369,1.0
Male,35,No,Yes,17.7,No,Yes,2,20843,0.0
Male,23,Yes,Yes,8.0,Yes,Yes,5,3856,0.0
Female,35,Yes,Yes,17.3,Yes,Yes,14,12661,0.0
Male,36,Yes,No,5.3,Yes,Yes,17,15591,0.0
Female,39,No,No,10.7,Yes,No,13,6182,0.0
Male,54,Yes,Yes,17.2,No,Yes,18,7970,1.0
Female,49,No,Yes,6.5,Yes,No,9,47922,0.0
Male,58,No,Yes,19.1,Yes,Yes,14,34862,0.0
Female,20,Yes,No,2.4,No,No,3,30755,0.0
Male,45,Yes,No,0.4,Yes,No,1,44863,0.0
Female,27,Yes,Yes,18.1,Yes,No,2,19416,0.0
Female,68,Yes,Yes,1.4,Yes,Yes,6,13672,0.0
Male,52,No,Yes,19.8,No,Yes,15,17932,1.0
Male,46,Yes,Yes,19.0,No,Yes,9,46996,1.0
Female,32,Yes,No,2.7,Yes,Yes,18,8559,0.0
Male,50,Yes,Yes,10.8,Yes,No,16,64,0.0
Female,24,No,No,3.7,No,No,18,3299,0.0
Male,29,Yes,Yes,8.6,Yes,No,4,4849,0.0
Female,66,Yes,Yes,1.2,Yes,No,19,5639,0.0
Female,47,No,Yes,4.5,No,Yes,12,11055,1.0
Female,38,No,Yes,7.3,No,No,12,22058,1.0
Female,48,Yes,Yes,8.8,No,Yes,10,29427,1.0
Female,41,Yes,No,19.5,Yes,No,10,16980,0.0
Female,37,Yes,Yes,16.2,Yes,No,15,10866,0.0
Male,54,Yes,Yes,14.7,Yes,No,14,3889,0.0
Male,21,Yes,Yes,10.7,Yes,Yes,16,48226,0.0
Male,45,No,No,16.8,No,Yes,17,31335,1.0
Female,61,No,No,6.8,Yes,No,18,26162,0.0
Female,37,Yes,No,14.2,Yes,No,3,23913,0.0
Female,41,Yes,No,19.9,No,No,4,24687,0.0
Female,67,No,Yes,6.3,No,Yes,6,33220,1.0
Male,66,Yes,Yes,13.5,Yes,Yes,1,10995,0.0
Male,68,Yes,Yes,16.9,No,Yes,0,2631,0.0
Female,49,Yes,No,18.3,No,No,11,34954,1.0
Male,58,Yes,Yes,14.4,Yes,Yes,9,5967,0.0
Male,53,Yes,Yes,5.7,Yes,No,7,22758,0.0
Female,51,No,No,6.5,Yes,Yes,0,21742,0.0
Male,53,Yes,No,0.4,Yes,No,11,37116,0.0
Female,19,Yes,No,15.2,No,No,1,26580,0.0
Male,32,Yes,Yes,0.9,No,Yes,9,34227,1.0
Female,51,No,Yes,17.3,Yes,No,16,1942,0.0
Female,53,No,No,2.4,Yes,No,2,47664,0.0
Female,23,No,Yes,3.4,No,No,6,28069,1.0
Female,56,No,No,9.5,Yes,Yes,11,21806,0.0
Male,59,Yes,No,14.8,Yes,No,7,14407,0.0
Female,68,No,Yes,2.8,Yes,Yes,19,48390,0.0
Female,68,Yes,No,8.8,Yes,Yes,11,14557,0.0
Female,29,Yes,No,9.7,No,No,2,16445,0.0
Male,20,No,No,4.2,Yes,Yes,16,17878,0.0
Female,62,No,Yes,2.3,No,No,8,17564,1.0
Male,35,No,No,16.7,Yes,Yes,9,13093,0.0
Female,57,No,No,10.0,Yes,No,5,35556,0.0
Male,38,No,No,0.3,No,Yes,0,26451,0.0
Male,32,Yes,No,16.1,Yes,No,11,43168,0.0
Female,50,No,No,19.6,No,No,4,24086,0.0
Male,52,No,No,12.1,Yes,No,12,16489,0.0
Female,43,No,No,10.1,Yes,No,14,28004,0.0
Female,25,Yes,Yes,17.6,Yes,Yes,10,20471,0.0
Female,53,No,Yes,19.1,Yes,Yes,7,26284,0.0
Male,65,Yes,No,15.1,Yes,No,4,36693,0.0
Male,47,No,Yes,8.9,No,Yes,1,18292,0.0
Female,40,No,Yes,11.8,No,No,11,18433,1.0
Female,59,Yes,No,14.0,Yes,No,1,14568,0.0
Male,61,No,Yes,3.9,Yes,Yes,15,45424,0.0
Female,31,Yes,No,8.9,No,Yes,2,9466,0.0
Female,31,Yes,No,16.6,No,No,9,25521,1.0
Female,19,Yes,No,13.1,Yes,Yes,18,36672,0.0
Male,54,No,No,8.2,Yes,No,7,15467,0.0
Male,22,No,No,13.3,No,Yes,6,32019,1.0
Male,55,No,Yes,2.4,Yes,Yes,0,10419,0.0
Female,62,Yes,No,8.0,No,Yes,11,16676,1.0
Female,58,No,Yes,15.9,Yes,Yes,4,29255,0.0
Female,64,Yes,No,4.4,No,Yes,15,31514,1.0
Male,31,No,No,3.7,No,No,3,43182,0.0
Female,56,Yes,No,19.0,Yes,Yes,16,22650,0.0
Female,42,Yes,Yes,4.2,No,Yes,1,22754,0.0
Female,37,Yes,No,5.2,Yes,No,11,12165,0.0
Female,19,No,No,19.4,Yes,No,0,10683,0.0
Male,56,Yes,No,14.7,Yes,No,11,32556,0.0
Male,23,Yes,No,14.0,Yes,Yes,11,15442,0.0
Female,34,Yes,Yes,17.1,No,Yes,11,4860,0.0
Male,42,Yes,No,2.3,Yes,No,18,3729,0.0
Male,45,Yes,Yes,14.1,Yes,No,16,31351,0.0
Female,19,Yes,No,10.1,Yes,No,19,47168,0.0
Female,52,No,Yes,16.6,Yes,No,10,24346,0.0
Male,54,No,Yes,10.2,No,Yes,12,8619,1.0
Female,22,Yes,No,12.4,Yes,Yes,7,11164,0.0
Male,18,No,No,9.6,No,Yes,9,38878,1.0
Female,57,No,Yes,9.6,No,Yes,7,6955,1.0
Male,29,Yes,No,15.4,No,Yes,19,106,0.0
Female,53,Yes,No,12.6,Yes,No,7,4754,0.0
Male,62,Yes,No,12.7,Yes,Yes,8,44293,0.0
Male,40,No,Yes,9.0,Yes,No,6,21662,0.0
Male,64,Yes,No,10.6,Yes,No,13,6408,0.0
Female,48,No,No,14.9,No,No,1,40403,0.0
Male,28,Yes,No,16.5,No,Yes,10,1225,0.0
Male,27,No,Yes,13.9,Yes,No,7,12196,0.0
Female,20,Yes,No,18.5,Yes,Yes,12,4250,0.0
Female,31,Yes,Yes,16.4,Yes,No,14,15372,0.0
Male,33,No,No,11.2,Yes,Yes,2,17279,0.0
Male,27,No,Yes,13.4,Yes,No,13,44865,0.0
Female,46,No,No,18.5,Yes,Yes,14,30193,0.0
Female,27,No,No,12.4,Yes,No,1,44823,0.0
Female,29,No,Yes,16.5,No,No,18,26868,1.0
Female,47,No,Yes,13.8,No,No,11,38187,1.0
Female,58,Yes,Yes,11.0,No,No,19,48481,1.0
Male,18,No,No,4.8,No,Yes,3,28475,0.0
Female,22,Yes,No,8.5,Yes,Yes,2,44552,0.0
Male,37,Yes,No,19.4,Yes,Yes,4,2433,0.0
Male,25,No,No,13.2,Yes,No,2,10998,0.0
Male,60,Yes,Yes,11.3,Yes,No,14,44343,0.0
Female,29,No,No,18.7,Yes,No,18,31133,0.0
Male,18,No,No,11.7,No,No,1,34069,0.0
Male,37,Yes,No,10.5,Yes,No,11,6858,0.0
Female,45,Yes,No,15.2,No,No,4,8950,0.0
Male,60,No,No,14.3,Yes,Yes,16,8938,0.0
Male,54,No,No,3.9,No,Yes,13,25168,1.0
Female,64,Yes,No,9.4,Yes,Yes,9,32099,0.0
Male,54,Yes,Yes,9.5,No,Yes,2,5644,0.0
Male,29,Yes,No,7.6,Yes,Yes,3,43846,0.0
Male,54,Yes,No,10.3,Yes,Yes,5,9260,0.0
Female,66,No,No,8.3,Yes,Yes,15,47458,0.0
Female,66,No,No,4.0,Yes,Yes,6,36075,0.0
Female,61,No,Yes,8.2,No,No,14,16488,1.0
Male,45,No,Yes,1.4,Yes,No,19,395,0.0
Male,64,Yes,Yes,11.5,No,No,10,10845,1.0
Female,32,Yes,Yes,17.1,Yes,No,0,36059,0.0
Male,23,No,Yes,14.5,No,No,4,18394,0.0
Male,61,No,Yes,7.2,Yes,No,12,28457,0.0
Female,37,No,No,1.7,Yes,No,13,45906,0.0
Female,67,No,Yes,4.0,No,Yes,8,37305,1.0
Male,31,No,Yes,10.9,Yes,Yes,16,42628,0.0
Male,19,No,No,4.1,Yes,No,14,21352,0.0
Male,26,No,Yes,10.9,No,Yes,6,21146,1.0
Female,54,No,No,4.6,Yes,Yes,11,17435,0.0
Female,37,No,No,17.0,No,Yes,5,39386,0.0
Female,43,Yes,Yes,7.9,Yes,Yes,15,37491,0.0
Female,46,No,No,4.9,No,Yes,4,19968,0.0
Male,18,Yes,Yes,16.2,No,No,8,47605,1.0
Female,52,Yes,Yes,6.9,No,Yes,13,8539,1.0
Female,23,No,No,2.2,No,No,7,1263,0.0
Female,54,No,No,11.4,Yes,No,13,13305,0.0
Female,22,Yes,Yes,11.6,Yes,No,11,24398,0.0
Female,50,Yes,No,14.3,No,Yes,9,43702,1.0
Male,66,No,No,4.8,Yes,No,19,32080,0.0
Male,68,Yes,Yes,8.9,Yes,No,19,10265,0.0
Female,31,No,Yes,5.6,Yes,No,12,49107,0.0
Male,29,No,No,1.6,No,No,18,32152,1.0
Female,59,No,Yes,17.5,Yes,Yes,14,27724,0.0
Female,37,Yes,Yes,14.6,Yes,No,7,30624,0.0
Male,67,Yes,Yes,6.0,No,No,9,34119,1.0
Male,41,No,Yes,12.0,Yes,No,2,39958,0.0
Female,60,Yes,Yes,4.0,No,No,2,29389,0.0
Female,51,Yes,Yes,17.8,No,Yes,4,16650,0.0
Female,42,Yes,Yes,2.3,No,No,15,26014,1.0
Male,67,Yes,No,0.1,Yes,No,16,10885,0.0
Female,46,Yes,Yes,10.0,Yes,No,5,7434,0.0
Female,56,Yes,No,11.7,No,No,19,30028,1.0
Female,48,Yes,No,11.6,No,No,19,1022,0.0
Male,64,No,No,1.1,No,No,15,24331,1.0
Female,60,Yes,Yes,6.3,No,Yes,1,2037,0.0
Female,67,Yes,Yes,10.0,No,No,19,8756,1.0
Male,40,Yes,No,4.3,No,Yes,14,46326,1.0
Female,61,Yes,Yes,17.5,Yes,Yes,17,17443,0.0
Female,55,Yes,No,1.7,No,No,0,34192,0.0
Male,37,Yes,Yes,9.7,No,Yes,18,4123,0.0
Female,40,Yes,Yes,13.8,No,No,11,16603,1.0
Male,62,Yes,No,5.2,Yes,Yes,7,405,0.0
Male,69,No,No,12.5,Yes,No,5,42597,0.0
Female,33,Yes,No,16.6,Yes,Yes,11,18702,0.0
Female,67,Yes,Yes,3.8,Yes,Yes,6,42719,0.0
Female,59,Yes,No,18.3,No,No,17,26250,1.0
Female,25,Yes,Yes,11.1,Yes,Yes,13,41751,0.0
Male,67,No,Yes,6.0,No,Yes,7,21442,1.0
Female,38,No,Yes,8.6,No,Yes,19,17693,1.0
Male,18,No,No,6.2,No,Yes,13,24005,1.0
Female,25,No,No,14.5,No,Yes,4,44793,0.0
Female,46,No,No,15.9,No,No,8,37697,1.0
Female,49,No,Yes,16.7,No,Yes,7,28988,1.0
Male,55,No,Yes,19.7,Yes,Yes,1,32333,0.0
Female,22,No,No,15.8,Yes,No,15,29992,0.0
Female,64,No,Yes,12.0,Yes,No,12,9522,0.0
Female,39,No,Yes,6.8,Yes,No,6,45406,0.0
Female,64,No,No,10.9,Yes,Yes,15,41470,0.0
Male,51,No,No,0.8,No,Yes,6,43532,1.0
Female,18,No,No,14.9,Yes,Yes,13,12121,0.0
Male,43,No,Yes,8.9,Yes,Yes,13,14219,0.0
Male,60,No,Yes,0.4,Yes,No,11,1617,0.0
Male,27,No,Yes,1.3,No,No,0,43016,0.0
Male,47,Yes,Yes,7.7,No,Yes,0,24276,0.0
Male,67,No,Yes,11.7,No,Yes,11,34351,1.0
Male,35,Yes,No,9.3,Yes,Yes,19,6704,0.0
Female,34,No,Yes,12.4,Yes,Yes,14,40756,0.0
Male,43,No,Yes,9.6,Yes,No,3,17959,0.0
Male,25,Yes,Yes,13.2,Yes,No,6,28522,0.0
Male,64,No,No,4.4,Yes,Yes,15,9953,0.0
Female,57,Yes,No,2.3,No,No,2,26567,0.0
Female,66,Yes,No,11.9,Yes,Yes,6,22560,0.0
Male,29,Yes,Yes,9.7,No,Yes,5,2613,0.0
Female,44,No,No,0.5,Yes,No,15,36660,0.0
Male,25,No,No,7.6,No,Yes,7,45104,1.0
Male,42,No,No,2.1,No,No,5,39501,0.0
Female,63,Yes,Yes,10.6,No,Yes,9,37199,1.0
Male,21,Yes,No,7.9,No,No,15,24496,1.0
Female,50,No,Yes,12.3,Yes,Yes,10,17765,0.0
Female,18,No,Yes,16.1,Yes,No,12,25721,0.0
Male,36,No,No,6.0,Yes,Yes,5,3515,0.0
Male,48,No,Yes,19.2,No,Yes,0,4454,0.0
Female,33,No,No,10.7,Yes,No,18,40537,0.0
Male,31,Yes,Yes,12.4,Yes,Yes,11,22873,0.0
Male,65,Yes,No,13.6,Yes,No,5,8384,0.0
Male,22,Yes,No,13.3,Yes,No,17,13727,0.0
Female,58,No,No,10.2,No,Yes,12,3534,0.0
Female,43,Yes,Yes,8.6,No,Yes,6,33523,1.0
Male,45,Yes,No,1.1,Yes,Yes,12,31889,0.0
Female,19,Yes,Yes,0.4,Yes,Yes,7,49979,0.0
Female,67,Yes,No,7.2,Yes,No,16,25465,0.0
Female,23,Yes,Yes,6.7,No,Yes,8,30593,1.0
Female,26,No,Yes,7.8,No,Yes,19,21330,1.0
Female,50,Yes,No,2.8,No,Yes,12,8302,1.0
Male,58,No,No,14.8,Yes,No,1,12907,0.0
Male,42,No,No,17.1,No,Yes,3,24430,0.0
Male,65,No,No,18.8,No,No,1,41752,0.0
Female,30,No,No,9.8,No,Yes,3,47153,0.0
Female,26,No,Yes,14.0,No,No,17,7181,1.0
Male,30,Yes,No,17.1,No,Yes,4,46213,0.0
Female,48,Yes,No,8.4,Yes,Yes,18,12875,0.0
Male,58,No,Yes,6.2,Yes,No,9,27219,0.0
Male,28,No,No,18.7,Yes,Yes,17,36182,0.0
Male,21,No,No,10.3,Yes,Yes,9,15005,0.0
Female,51,Yes,Yes,9.9,No,Yes,4,42269,0.0
Female,55,No,No,3.6,Yes,No,16,14245,0.0
Male,63,Yes,No,2.2,Yes,Yes,12,6457,0.0
Male,21,No,No,16.8,Yes,No,16,6749,0.0
Male,55,Yes,Yes,12.3,No,No,8,33064,1.0
Male,36,No,No,6.5,Yes,No,11,9821,0.0
Female,23,Yes,Yes,3.8,No,Yes,13,49720,1.0
Female,51,No,No,11.1,No,No,13,32761,1.0
Male,35,Yes,Yes,11.7,No,No,7,38051,1.0
Male,30,Yes,No,4.1,Yes,Yes,4,13119,0.0
Female,58,Yes,Yes,17.0,No,No,18,7664,1.0
Female,40,Yes,Yes,1.7,Yes,No,13,29281,0.0
Male,36,Yes,Yes,7.1,Yes,Yes,8,40279,0.0
Male,62,Yes,Yes,13.6,Yes,Yes,6,31821,0.0
Male,28,Yes,Yes,5.5,No,No,7,38233,1.0
Female,18,No,Yes,16.6,No,Yes,13,24647,1.0
Female,41,No,No,14.8,Yes,Yes,13,45325,0.0
Female,24,No,No,15.8,No,Yes,10,4382,0.0
Male,42,No,Yes,2.4,No,No,13,16449,1.0
Male,38,No,Yes,2.8,No,No,7,17263,1.0
Female,32,Yes,Yes,5.7,Yes,Yes,2,24643,0.0
Female,18,Yes,Yes,10.4,No,No,17,9408,1.0
Male,29,Yes,No,15.0,No,Yes,2,23606,0.0
Female,24,Yes,Yes,16.7,Yes,Yes,12,27603,0.0
Female,32,Yes,No,14.1,No,Yes,11,46458,1.0
Male,38,No,No,18.6,Yes,Yes,14,5069,0.0
Female,36,No,Yes,14.8,No,Yes,17,19623,1.0
Male,46,No,Yes,6.1,No,No,4,44440,0.0
Male,42,No,No,5.3,No,No,6,16891,1.0
Male,50,Yes,No,13.9,No,No,10,7704,1.0
Male,66,Yes,Yes,3.9,No,No,10,28290,1.0
Male,49,Yes,Yes,1.9,No,Yes,14,27460,1.0
Male,66,No,Yes,10.6,Yes,Yes,9,17509,0.0
Male,52,Yes,No,16.4,No,No,14,17269,1.0
Female,61,No,No,2.0,No,No,12,7975,1.0
Male,55,Yes,Yes,15.8,No,Yes,13,44837,1.0
Male,43,Yes,No,16.2,Yes,Yes,16,6565,0.0
Female,28,No,No,9.6,Yes,Yes,12,22467,0.0
Female,52,Yes,Yes,1.1,Yes,No,9,4870,0.0
Female,25,Yes,Yes,3.5,No,Yes,0,18909,0.0
Male,63,No,No,14.1,No,Yes,0,9117,0.0
Female,31,Yes,No,14.2,Yes,No,14,1938,0.0
Male,27,No,Yes,18.0,Yes,No,15,28390,0.0
Male,19,Yes,Yes,11.7,Yes,No,11,44322,0.0
Male,63,Yes,Yes,2.5,No,Yes,5,36000,0.0
Male,26,Yes,Yes,2.4,Yes,Yes,5,20128,0.0
Female,20,Yes,Yes,14.4,No,No,11,31781,1.0
Female,38,Yes,No,3.7,No,Yes,14,3465,0.0
Male,43,Yes,No,6.6,No,Yes,3,440,0.0
Male,25,Yes,No,9.7,Yes,Yes,3,49613,0.0
Male,65,Yes,No,0.5,No,No,1,5413,0.0
Female,19,No,Yes,5.0,Yes,No,11,11663,0.0
Male,23,No,Yes,8.2,Yes,Yes,6,38523,0.0
Male,45,Yes,Yes,5.6,Yes,Yes,19,37780,0.0
Female,46,Yes,No,2.7,Yes,Yes,8,19547,0.0
Female,43,No,No,14.6,No,Yes,8,16126,1.0
Male,42,Yes,No,16.3,No,No,7,39520,1.0
Female,29,Yes,Yes,5.1,No,No,13,5,0.0
Female,22,No,No,15.5,No,Yes,0,37544,0.0
Male,51,Yes,Yes,7.7,Yes,Yes,11,7038,0.0
Female,65,Yes,Yes,10.1,Yes,No,1,6414,0.0
Male,54,No,Yes,17.1,Yes,Yes,12,22123,0.0
Female,32,Yes,Yes,15.0,Yes,No,3,3970,0.0
Male,61,Yes,Yes,16.1,No,Yes,19,11050,1.0
Male,53,No,Yes,2.7,Yes,No,17,2606,0.0
Male,32,Yes,No,1.4,No,Yes,18,16482,1.0
Female,60,No,Yes,17.9,Yes,Yes,15,33293,0.0
Male,65,Yes,Yes,7.8,Yes,No,13,6337,0.0
Female,40,Yes,No,5.8,Yes,No,7,33948,0.0
Male,23,No,Yes,14.5,Yes,Yes,11,24451,0.0
Male,63,No,No,16.7,No,Yes,8,26265,1.0
Female,67,Yes,No,17.2,No,No,5,25714,0.0
Male,61,No,No,6.3,No,No,17,20875,1.0
Male,60,No,Yes,17.0,No,Yes,1,13057,0.0
Female,62,Yes,Yes,0.8,Yes,Yes,7,32400,0.0
Male,38,Yes,No,1.0,Yes,No,13,5922,0.0
Male,40,Yes,Yes,12.5,No,No,5,3071,0.0
Male,60,No,Yes,1.3,No,No,9,22025,1.0
Male,33,No,No,6.5,Yes,No,7,27503,0.0
Female,64,No,No,13.5,Yes,No,16,23765,0.0
Female,32,No,Yes,6.7,No,Yes,11,35560,1.0
Male,42,Yes,No,3.6,No,Yes,16,46612,1.0
Female,53,No,No,5.6,No,No,12,32782,1.0
Male,28,Yes,No,9.2,Yes,Yes,18,18799,0.0
Female,68,No,Yes,9.5,No,Yes,11,35453,1.0
Male,32,Yes,Yes,15.7,No,No,15,27476,1.0
Male,21,Yes,Yes,15.0,No,Yes,4,16212,0.0
Male,38,Yes,No,9.1,No,Yes,15,9428,1.0
Male,30,No,Yes,16.9,No,Yes,5,31419,0.0
Male,39,Yes,No,2.3,Yes,No,10,8159,0.0
Male,36,Yes,Yes,5.1,No,No,16,24310,1.0
Female,51,No,Yes,16.6,Yes,Yes,13,36868,0.0
Male,31,Yes,No,7.6,No,Yes,5,39142,0.0
Female,21,No,Yes,19.6,No,Yes,10,6004,1.0
Male,65,No,No,9.3,No,Yes,11,38289,1.0
Female,69,Yes,Yes,15.8,Yes,Yes,12,11412,0.0
Female,63,Yes,Yes,8.0,Yes,Yes,3,11755,0.0
Female,44,No,No,8.5,Yes,No,6,19017,0.0
Male,46,Yes,No,7.7,No,Yes,1,3890,0.0
Male,64,No,No,14.4,No,Yes,5,28840,0.0
Female,45,No,Yes,11.0,Yes,No,5,17175,0.0
Male,52,No,Yes,18.9,Yes,Yes,17,9191,0.0
Female,25,Yes,Yes,5.0,No,Yes,19,151,0.0
Male,33,No,No,2.0,Yes,Yes,7,19447,0.0
Female,59,Yes,No,7.9,No,Yes,7,22751,1.0
Female,53,Yes,No,12.3,Yes,No,7,29175,0.0
Male,47,Yes,Yes,17.2,Yes,Yes,7,24288,0.0
Female,35,Yes,Yes,6.9,Yes,No,0,46629,0.0
Male,19,No,No,13.1,No,Yes,1,47800,0.0
Female,66,Yes,Yes,7.0,No,Yes,11,37367,1.0
Female,30,No,No,12.3,Yes,No,14,12274,0.0
Male,21,No,Yes,17.7,No,Yes,3,12218,0.0
Male,43,Yes,Yes,4.6,No,No,2,23792,0.0
Male,42,No,No,8.1,No,No,13,2977,0.0
Female,47,No,Yes,19.9,No,No,7,17226,1.0
Male,28,Yes,Yes,17.4,Yes,Yes,12,29022,0.0
Female,24,No,No,11.3,No,Yes,18,3793,0.0
Female,48,No,No,10.3,No,Yes,4,1659,0.0
Male,61,No,Yes,5.7,Yes,Yes,12,37930,0.0
Male,27,No,No,10.3,No,No,19,43473,1.0
Female,56,Yes,Yes,17.0,No,Yes,0,16040,0.0
Female,30,No,No,13.7,No,Yes,15,4270,0.0
Male,48,No,Yes,5.8,Yes,No,1,13286,0.0
Male,24,No,Yes,4.0,Yes,No,6,3603,0.0
Male,66,No,No,5.3,No,Yes,5,46540,0.0
Male,59,Yes,Yes,3.4,No,No,4,17600,0.0
Male,59,No,Yes,1.9,Yes,No,3,2291,0.0
Female,53,Yes,No,8.4,Yes,No,1,13123,0.0
Female,37,No,No,2.3,Yes,No,9,3811,0.0
Female,21,Yes,Yes,3.4,No,No,4,13347,0.0
Female,24,Yes,No,10.9,No,Yes,17,31276,1.0
Male,18,Yes,No,3.3,Yes,Yes,9,46619,0.0
Male,61,Yes,Yes,1.3,No,Yes,14,15513,1.0
Male,62,Yes,Yes,6.3,No,Yes,8,5142,1.0
Female,59,No,No,4.4,No,Yes,10,23246,1.0
Female,64,No,No,10.3,No,Yes,16,25507,1.0
Male,30,No,No,2.0,No,Yes,8,26714,1.0
Male,39,Yes,Yes,15.0,No,No,15,12194,1.0
Female,38,No,Yes,18.1,No,Yes,5,7526,0.0
Female,39,Yes,Yes,14.9,Yes,Yes,10,19362,0.0
Male,45,Yes,Yes,10.7,Yes,Yes,16,46281,0.0
Male,26,No,Yes,17.2,Yes,No,3,44852,0.0
Female,43,No,Yes,13.9,Yes,Yes,14,46117,0.0
Male,26,Yes,Yes,0.2,Yes,Yes,0,47836,0.0
Male,32,Yes,No,7.9,Yes,No,19,4595,0.0
Male,27,No,No,17.0,Yes,Yes,0,30394,0.0
Female,41,No,Yes,6.9,Yes,Yes,8,15402,0.0
Female,59,No,Yes,0.7,Yes,No,11,27140,0.0
Female,25,No,Yes,14.9,No,Yes,3,22595,0.0
Female,41,Yes,No,16.0,No,No,12,42723,1.0
Female,33,No,Yes,3.2,Yes,Yes,6,46764,0.0
Female,66,No,No,10.7,No,Yes,7,24911,1.0
Female,43,No,No,3.8,No,Yes,12,25752,1.0
Male,44,Yes,No,14.4,Yes,No,10,19405,0.0
Male,54,Yes,No,5.4,Yes,No,8,24220,0.0
Male,21,Yes,No,6.3,Yes,No,15,33953,0.0
Male,67,Yes,Yes,16.9,No,Yes,9,36053,1.0
Male,41,No,Yes,9.5,No,Yes,10,3447,0.0
Male,36,Yes,No,13.4,Yes,No,11,10662,0.0
Male,53,No,Yes,8.0,No,No,13,4899,0.0
Female,56,No,No,6.0,No,Yes,18,28582,1.0
Female,27,No,No,12.5,No,Yes,11,48828,1.0
Male,42,No,Yes,3.1,Yes,Yes,17,1935,0.0
Male,35,Yes,Yes,7.5,No,Yes,16,42213,1.0
Female,36,Yes,Yes,4.2,No,No,2,42042,0.0
Male,53,Yes,Yes,13.9,No,Yes,0,10335,0.0
Male,27,No,Yes,18.9,No,Yes,18,17669,1.0
Female,50,No,No,19.9,No,Yes,3,8545,0.0
Male,67,No,Yes,9.0,No,Yes,15,40247,1.0
Female,22,No,Yes,5.1,No,Yes,11,38023,1.0
Male,64,No,Yes,8.9,Yes,Yes,12,18269,0.0
Female,66,Yes,No,16.9,Yes,Yes,16,37830,0.0
Female,52,No,Yes,4.1,No,No,7,7066,1.0
Female,61,Yes,No,19.0,Yes,No,12,10712,0.0
Male,51,No,Yes,6.8,No,No,19,15991,1.0
Female,50,No,Yes,19.7,No,Yes,4,35790,0.0
Male,38,Yes,No,16.8,No,No,17,21649,1.0
Male,34,Yes,Yes,16.2,Yes,Yes,14,34315,0.0
Male,39,No,Yes,6.4,No,Yes,11,30806,1.0
Male,65,No,No,0.2,No,Yes,16,12210,1.0
Female,54,No,Yes,7.6,Yes,Yes,14,36972,0.0
Female,32,No,No,6.0,Yes,No,1,40358,0.0
Male,52,Yes,No,0.7,No,Yes,5,34136,0.0
Male,45,No,No,10.1,Yes,Yes,16,44297,0.0
Female,24,Yes,No,8.1,Yes,No,15,15945,0.0
Male,49,No,No,12.7,No,No,16,29665,1.0
Female,28,Yes,Yes,12.4,No,No,19,42477,1.0
Male,27,Yes,Yes,2.4,No,Yes,8,13644,1.0
Male,26,No,Yes,19.5,Yes,No,4,4917,0.0
Female,31,Yes,No,3.7,Yes,Yes,0,19868,0.0
Male,30,No,No,8.9,Yes,Yes,5,11877,0.0
Female,42,Yes,No,9.8,No,No,13,13224,1.0
Male,19,No,No,16.3,Yes,No,16,3052,0.0
Male,52,Yes,Yes,2.0,Yes,No,18,27272,0.0
Male,24,No,Yes,8.6,No,Yes,0,41150,0.0
Female,38,No,No,12.6,No,Yes,0,30668,0.0
Male,35,Yes,No,4.3,No,Yes,12,17316,1.0
Male,20,Yes,Yes,12.5,Yes,Yes,13,7240,0.0
Male,59,Yes,No,18.5,No,Yes,5,31559,0.0
Male,56,Yes,No,20.0,Yes,Yes,5,3238,0.0
Female,58,No,No,0.6,Yes,No,0,43175,0.0
Female,66,Yes,Yes,4.7,No,Yes,13,565,0.0
Male,28,No,Yes,6.2,No,No,2,21762,0.0
Female,56,Yes,No,8.0,No,No,9,5558,1.0
Male,41,No,Yes,4.8,No,No,18,16375,1.0
Male,63,No,No,4.1,No,No,18,25710,1.0
Male,36,No,No,19.1,Yes,No,18,49895,0.0
Female,21,No,Yes,18.4,Yes,Yes,3,11103,0.0
Female,43,Yes,No,0.9,Yes,Yes,19,15174,0.0
Female,55,Yes,No,6.8,No,Yes,18,41490,1.0
Female,59,No,Yes,8.1,Yes,Yes,9,21793,0.0
Female,49,Yes,No,4.8,No,No,1,27597,0.0
Female,56,Yes,No,12.6,No,No,3,8753,0.0
Female,62,No,No,12.8,Yes,No,5,38397,0.0
Female,63,Yes,Yes,17.0,Yes,Yes,6,6318,0.0
Female,53,Yes,No,14.8,No,Yes,15,33069,1.0
Male,57,Yes,Yes,10.9,Yes,Yes,6,20151,0.0
Female,54,No,No,13.1,No,Yes,17,40274,1.0
Female,50,Yes,No,5.5,Yes,No,19,8701,0.0
Female,53,No,No,11.9,Yes,No,18,6962,0.0
Female,20,Yes,No,9.8,Yes,Yes,8,38197,0.0
Female,26,Yes,Yes,2.7,Yes,Yes,19,48634,0.0
Female,25,Yes,Yes,4.9,Yes,No,9,30041,0.0
Female,50,No,No,5.8,No,No,12,7248,1.0
Female,23,No,No,18.5,Yes,No,17,19829,0.0
Female,58,Yes,No,4.6,Yes,No,15,2203,0.0
Female,56,No,No,5.8,Yes,Yes,16,25370,0.0
Female,21,Yes,No,7.4,No,No,12,35247,1.0
Male,30,No,No,13.3,No,No,11,10386,1.0
Male,66,No,No,2.4,No,No,9,434,0.0
Female,19,Yes,No,19.1,No,No,0,42998,0.0
Female,22,Yes,Yes,17.3,No,Yes,7,34474,1.0
Male,61,Yes,Yes,11.5,Yes,Yes,17,24644,0.0
Female,44,Yes,Yes,13.5,Yes,Yes,1,38493,0.0
Male,49,No,No,0.3,Yes,Yes,15,18288,0.0
Male,38,No,No,6.8,No,Yes,11,3959,0.0
Male,25,No,No,15.9,No,Yes,8,47289,1.0
Male,55,Yes,Yes,1.5,Yes,No,2,11143,0.0
Male,25,Yes,No,5.6,No,No,3,39593,0.0
Female,67,No,Yes,11.7,No,No,1,39115,0.0
Male,20,Yes,No,5.1,No,No,7,45609,1.0
Female,61,No,Yes,18.7,Yes,Yes,9,22540,0.0
Female,20,No,Yes,2.6,Yes,No,15,35481,0.0
Male,39,No,Yes,15.9,No,Yes,10,29969,1.0
Male,23,No,No,10.2,No,No,17,11561,1.0
Female,19,No,Yes,15.0,No,No,13,22578,1.0
Male,40,Yes,No,6.2,No,No,7,12787,1.0
Male,61,Yes,No,10.3,Yes,Yes,14,6512,0.0
Female,19,Yes,No,17.1,No,No,16,10596,1.0
Female,55,No,No,9.3,Yes,Yes,17,31746,0.0
Male,34,No,No,7.2,Yes,Yes,5,19930,0.0
Female,52,No,Yes,10.7,Yes,No,13,47950,0.0
Male,51,No,No,14.3,No,Yes,2,30201,0.0
Male,40,Yes,No,8.9,Yes,Yes,6,18687,0.0
Male,47,Yes,No,18.8,Yes,No,14,35989,0.0
Female,69,No,No,5.9,No,No,15,30183,1.0
Female,25,No,No,9.5,No,No,15,20758,1.0
Female,39,No,Yes,15.1,No,No,7,1082,0.0
Female,61,Yes,Yes,13.8,Yes,No,6,41405,0.0
Female,53,Yes,No,17.3,No,No,5,30832,0.0
Male,22,Yes,Yes,19.9,Yes,Yes,1,45891,0.0
Male,30,No,Yes,8.5,Yes,No,12,45810,0.0
Male,46,No,No,2.2,No,No,11,46901,1.0
Male,48,Yes,Yes,0.6,Yes,Yes,14,17976,0.0
Female,64,No,No,14.5,Yes,No,8,38376,0.0
Male,33,Yes,Yes,17.5,Yes,Yes,1,5526,0.0
Female,59,No,Yes,4.4,Yes,No,16,31086,0.0
Male,47,Yes,Yes,3.2,No,No,4,21563,0.0
Female,33,No,No,1.2,Yes,Yes,10,6472,0.0
Female,29,Yes,Yes,16.5,No,No,18,2775,0.0
Male,34,Yes,Yes,6.2,Yes,Yes,6,15828,0.0
Male,33,Yes,No,8.0,Yes,No,1,44776,0.0
Male,29,Yes,No,10.1,No,No,15,17974,1.0
Male,25,Yes,Yes,16.8,Yes,Yes,11,22388,0.0
Female,37,Yes,No,13.0,Yes,No,14,15055,0.0
Male,20,No,Yes,12.3,Yes,No,0,18615,0.0
Male,33,No,Yes,3.5,Yes,Yes,12,37886,0.0
Female,47,No,No,10.3,Yes,No,5,22838,0.0
Male,62,Yes,No,14.3,Yes,Yes,12,40728,0.0
Male,40,Yes,No,19.5,No,No,17,12464,1.0
Male,45,No,Yes,4.0,No,Yes,2,40364,0.0
Male,68,Yes,No,0.2,No,No,0,7240,0.0
Male,57,Yes,Yes,1.5,Yes,Yes,14,4942,0.0
Female,22,Yes,No,7.5,Yes,Yes,12,19622,0.0
Male,37,Yes,Yes,16.4,Yes,No,4,13536,0.0
Male,57,Yes,No,0.1,No,No,12,1600,0.0
Male,61,No,Yes,9.1,Yes,Yes,4,5700,0.0
Male,18,No,No,6.6,No,No,18,38839,1.0
Male,47,No,Yes,1.0,Yes,Yes,17,10248,0.0
Female,38,No,No,9.0,Yes,No,9,45291,0.0
Male,37,No,No,5.1,Yes,No,7,17093,0.0
Female,23,Yes,Yes,7.0,No,Yes,14,19355,1.0
Female,39,Yes,No,14.1,Yes,Yes,19,17177,0.0
Male,35,Yes,Yes,10.4,No,No,3,19483,0.0
Male,25,Yes,Yes,2.5,Yes,No,1,43815,0.0
Male,56,No,No,19.2,Yes,No,5,38533,0.0
Male,49,No,Yes,12.7,No,No,2,26,0.0
Female,50,No,No,15.3,Yes,No,6,39461,0.0
Male,33,Yes,No,1.6,Yes,Yes,9,21706,0.0
Male,29,No,Yes,0.9,Yes,No,5,24660,0.0
Male,55,Yes,No,0.4,Yes,No,15,39377,0.0
Male,69,No,Yes,3.8,No,Yes,1,42082,0.0
Male,51,No,Yes,8.3,No,Yes,16,16258,1.0
Male,31,Yes,No,18.7,Yes,Yes,12,38077,0.0
Female,53,Yes,No,9.1,Yes,No,0,32779,0.0
Female,50,No,Yes,5.8,No,Yes,5,24154,0.0
Male,40,No,Yes,11.2,Yes,Yes,4,29684,0.0
Male,67,Yes,No,2.2,No,Yes,12,15389,1.0
Male,62,No,No,12.2,Yes,Yes,17,26324,0.0
Female,19,No,No,11.4,No,No,11,27685,1.0
Male,58,Yes,No,15.8,No,No,6,27195,1.0
Female,38,No,Yes,19.7,No,No,14,21797,1.0
Male,19,Yes,No,5.0,No,Yes,2,46439,0.0
Male,44,No,Yes,10.2,Yes,Yes,15,5774,0.0
Male,26,Yes,Yes,18.2,Yes,Yes,0,31633,0.0
Male,18,No,No,15.7,No,Yes,15,49331,1.0
Female,28,Yes,Yes,9.7,No,Yes,11,796,0.0
Female,20,No,No,18.9,No,Yes,18,40047,1.0
Male,69,Yes,Yes,1.1,No,No,7,28389,1.0
Male,40,No,No,18.6,Yes,No,11,7188,0.0
Female,43,No,Yes,1.0,No,Yes,14,23696,1.0
Female,21,No,Yes,10.9,No,No,1,2024,0.0
Female,35,No,No,17.8,No,Yes,16,7666,1.0
Female,23,No,No,5.3,No,Yes,6,35985,1.0
Male,52,No,Yes,9.4,No,No,12,6584,1.0
Female,39,No,Yes,6.5,No,Yes,0,25462,0.0
Male,60,No,No,19.0,No,No,5,27044,0.0
Female,32,No,Yes,16.5,Yes,Yes,12,5285,0.0
Female,39,Yes,No,14.2,No,Yes,10,7370,1.0
Female,54,Yes,Yes,11.8,No,No,9,17903,1.0
Female,69,No,No,16.4,No,Yes,15,32499,1.0
Female,59,Yes,Yes,7.8,Yes,Yes,19,32368,0.0
Male,29,No,No,9.0,Yes,Yes,16,22995,0.0
Male,64,No,No,14.6,Yes,No,16,39624,0.0
Female,66,Yes,Yes,7.2,No,Yes,3,35200,0.0
Female,59,No,No,1.3,No,Yes,4,22841,0.0
Male,55,No,Yes,1.5,No,Yes,13,4866,0.0
Female,35,Yes,No,2.3,Yes,No,19,13566,0.0
Female,62,Yes,No,17.4,No,No,9,37822,1.0
Male,52,No,No,9.4,Yes,No,13,41876,0.0
Female,47,Yes,Yes,14.3,Yes,No,0,28552,0.0
Female,41,Yes,No,7.9,Yes,No,10,34549,0.0
Male,59,No,Yes,5.2,Yes,Yes,17,24914,0.0
Male,47,Yes,No,6.9,Yes,No,15,43830,0.0
Male,31,Yes,Yes,15.9,No,No,17,44542,1.0
Female,23,No,Yes,12.5,No,Yes,7,22333,1.0
Male,20,Yes,Yes,18.8,Yes,No,9,15958,0.0
Male,33,Yes,No,13.6,No,Yes,9,20954,1.0
Male,24,No,Yes,11.4,No,No,4,9638,0.0
Male,69,No,No,12.2,Yes,Yes,9,34147,0.0
Male,31,No,Yes,18.8,Yes,Yes,17,9675,0.0
Male,26,Yes,Yes,15.8,No,No,5,24054,0.0
Female,32,No,Yes,0.5,No,No,2,43034,0.0
Female,38,No,Yes,10.7,No,Yes,7,31661,1.0
Male,52,Yes,No,13.8,No,Yes,8,17184,1.0
Male,19,No,Yes,15.0,Yes,Yes,4,47963,0.0
Male,44,No,Yes,4.3,No,Yes,1,25822,0.0
Female,19,No,No,17.3,Yes,Yes,1,10929,0.0
Female,52,No,Yes,19.1,Yes,Yes,6,5267,0.0
Female,35,Yes,Yes,4.7,No,Yes,16,36025,1.0
Female,31,No,Yes,17.7,No,No,9,12069,1.0
Female,37,No,Yes,1.9,No,Yes,11,981,0.0
Female,35,Yes,No,1.1,Yes,No,1,43436,0.0
Female,27,No,No,2.6,Yes,No,9,18472,0.0
Female,42,Yes,Yes,1.2,Yes,Yes,19,19336,0.0
Female,19,Yes,No,16.9,Yes,Yes,0,25587,0.0
Male,42,Yes,No,1.2,No,No,3,11656,0.0
Male,50,No,Yes,5.4,Yes,Yes,12,27326,0.0
Male,53,Yes,No,2.1,Yes,Yes,11,18510,0.0
Male,48,Yes,Yes,5.9,No,No,10,40831,1.0
Female,31,Yes,No,1.8,Yes,No,9,18975,0.0
Female,18,No,No,13.4,Yes,No,14,9665,0.0
Male,63,No,No,2.7,No,Yes,4,27097,0.0
Female,33,No,Yes,17.0,Yes,Yes,16,25741,0.0
Male,63,No,No,16.3,Yes,No,4,6437,0.0
Female,69,No,Yes,0.3,Yes,Yes,1,25185,0.0
Male,20,No,Yes,17.9,Yes,No,8,10375,0.0
Female,52,No,No,0.6,No,Yes,5,27107,0.0
Female,58,Yes,Yes,4.8,Yes,No,17,30484,0.0
Male,23,Yes,No,0.6,No,Yes,13,35629,1.0
Female,42,Yes,Yes,6.7,Yes,No,18,45610,0.0
Male,30,Yes,Yes,10.3,No,Yes,13,25835,1.0
Male,51,No,No,15.9,No,Yes,7,29743,1.0
Male,25,Yes,No,6.8,No,No,16,30917,1.0
Male,38,Yes,No,14.1,Yes,Yes,2,38995,0.0
Female,51,Yes,No,3.8,Yes,Yes,9,11424,0.0
Female,21,Yes,Yes,15.0,Yes,No,16,9643,0.0
Female,42,No,Yes,4.7,No,Yes,10,10310,1.0
Male,32,No,Yes,2.9,Yes,Yes,7,18951,0.0
Female,21,No,No,3.7,Yes,Yes,0,26568,0.0
Male,62,Yes,Yes,3.6,Yes,No,12,15233,0.0
Female,29,No,No,10.3,Yes,No,3,13200,0.0
Female,49,Yes,Yes,16.9,No,No,6,21548,1.0
Female,49,No,No,1.6,No,No,13,10532,1.0
Male,45,No,Yes,14.1,Yes,No,4,23465,0.0
Female,30,No,Yes,13.1,Yes,Yes,10,21291,0.0
Female,48,No,No,17.5,Yes,Yes,16,42448,0.0
Male,31,No,Yes,4.9,No,No,4,30580,0.0
Female,37,Yes,No,9.0,Yes,Yes,19,26149,0.0
Male,35,No,Yes,18.5,No,Yes,2,21346,0.0
Female,46,Yes,Yes,13.2,No,Yes,4,10619,0.0
Male,23,Yes,No,7.8,Yes,Yes,14,39918,0.0
Male,49,Yes,No,2.6,Yes,No,18,1766,0.0
Female,46,Yes,Yes,5.2,Yes,No,15,3549,0.0
Male,60,Yes,Yes,11.6,No,Yes,7,18693,1.0
Male,19,No,Yes,14.4,No,Yes,12,31922,1.0
Male,40,No,Yes,2.5,Yes,No,15,42402,0.0
Male,36,No,Yes,12.0,No,Yes,2,34744,0.0
Male,48,No,Yes,11.0,Yes,Yes,0,48328,0.0
Male,68,Yes,No,10.3,Yes,Yes,8,12165,0.0
Female,22,No,No,13.8,No,No,8,23564,1.0
Male,36,No,No,16.7,No,No,16,35258,1.0
Male,51,Yes,Yes,6.5,No,Yes,1,25301,0.0
Female,27,Yes,Yes,17.8,No,Yes,8,44763,1.0
Female,42,No,Yes,3.2,Yes,Yes,18,20765,0.0
Female,19,No,No,3.5,Yes,Yes,12,44787,0.0
Female,28,Yes,No,5.3,Yes,Yes,4,7425,0.0
Female,67,No,Yes,2.4,No,Yes,8,12857,1.0
Female,48,No,Yes,4.6,Yes,No,12,27463,0.0
Female,32,No,No,2.1,No,No,0,22444,0.0
Male,26,No,No,16.4,No,Yes,14,41457,1.0
Male,40,Yes,No,2.8,No,No,3,36744,0.0
Female,36,Yes,Yes,14.9,Yes,Yes,3,14205,0.0
Male,26,Yes,Yes,1.0,No,Yes,19,704,0.0
Male,52,No,Yes,19.0,No,No,9,5452,1.0
Male,38,No,No,14.2,No,No,5,45617,0.0
Female,26,No,No,0.1,No,Yes,11,38862,1.0
Female,45,No,Yes,15.3,No,Yes,19,3681,0.0
Male,63,No,Yes,10.3,No,No,15,20522,1.0
Female,68,Yes,No,15.6,No,No,2,18300,0.0
Male,24,No,Yes,10.4,No,Yes,13,9566,1.0
Male,33,No,No,12.8,No,Yes,0,7501,0.0
Male,33,Yes,No,15.7,No,Yes,9,1845,0.0
Male,50,No,Yes,8.1,No,No,14,39181,1.0
Female,21,Yes,No,0.1,No,Yes,6,40758,1.0
Female,21,Yes,Yes,17.0,Yes,No,3,42396,0.0
Female,56,Yes,No,7.6,Yes,Yes,13,13230,0.0
Male,57,Yes,No,9.9,No,No,15,17754,1.0
Female,34,Yes,Yes,0.2,No,No,13,34404,1.0
Male,54,No,No,9.8,No,No,2,22564,0.0
Female,56,Yes,Yes,19.7,Yes,No,16,32362,0.0
Male,69,Yes,Yes,5.6,Yes,Yes,13,18227,0.0
Male,46,No,No,7.9,Yes,No,17,24760,0.0
Male,69,No,Yes,13.7,No,No,2,29723,0.0
Female,53,Yes,Yes,16.3,No,No,18,47475,1.0
Female,55,No,Yes,8.3,No,Yes,2,17215,0.0
Female,56,No,Yes,6.2,No,Yes,11,5538,1.0
Female,67,Yes,Yes,18.8,Yes,Yes,4,21699,0.0
Male,54,Yes,Yes,13.5,No,Yes,9,43085,1.0
Female,69,No,No,2.4,Yes,Yes,8,12454,0.0
Female,52,Yes,Yes,1.4,Yes,Yes,0,48217,0.0
Male,24,Yes,No,9.7,No,No,12,41223,1.0
Male,44,No,No,4.4,Yes,No,2,21711,0.0
Male,45,Yes,Yes,5.1,Yes,No,18,15059,0.0
Female,39,Yes,No,17.6,Yes,Yes,10,48398,0.0
Male,31,Yes,No,1.8,Yes,No,15,1286,0.0
Male,24,Yes,Yes,14.3,No,No,5,34297,0.0
Male,54,Yes,Yes,5.4,No,Yes,2,42768,0.0
Female,39,No,Yes,15.2,Yes,No,18,39423,0.0
Male,22,No,No,14.4,No,Yes,5,34645,0.0
Female,19,Yes,No,0.1,Yes,No,7,42709,0.0
Female,44,No,Yes,10.2,No,Yes,12,26485,1.0
Male,38,Yes,Yes,2.8,No,Yes,11,32267,1.0
Male,55,Yes,No,17.3,No,Yes,9,45823,1.0
Female,32,Yes,No,17.4,No,No,2,27086,0.0
Male,38,Yes,No,8.4,No,No,3,16484,0.0
Male,27,Yes,No,8.9,Yes,Yes,0,3087,0.0
Female,40,No,Yes,6.1,No,Yes,12,38596,1.0
Female,56,No,No,14.3,Yes,No,3,18675,0.0
Male,22,Yes,No,7.2,Yes,No,10,24680,0.0
Female,18,No,No,5.4,No,Yes,18,17077,1.0
Male,30,Yes,No,8.6,Yes,No,10,38174,0.0
Male,38,No,Yes,1.8,No,No,11,11432,1.0
Male,43,Yes,Yes,14.9,Yes,No,10,3491,0.0
Female,67,No,No,0.3,Yes,Yes,5,46126,0.0
Male,62,Yes,No,12.9,No,Yes,11,46122,1.0
Male,38,Yes,Yes,3.7,No,No,8,3392,0.0
Male,35,No,Yes,4.6,No,Yes,9,2268,0.0
Female,54,No,No,12.7,No,No,2,38400,0.0
Female,62,Yes,No,19.9,Yes,No,2,36551,0.0
Female,49,No,Yes,15.6,No,Yes,19,28088,1.0
Female,53,Yes,Yes,4.5,Yes,Yes,15,14479,0.0
Female,34,No,Yes,3.5,Yes,Yes,2,25465,0.0
Male,52,No,Yes,17.3,Yes,No,9,48155,0.0
Female,66,Yes,Yes,8.9,Yes,No,10,22357,0.0
Female,28,No,Yes,2.7,Yes,Yes,7,5969,0.0
Female,38,No,No,17.2,Yes,Yes,5,8981,0.0
Male,69,Yes,Yes,16.3,No,Yes,19,21032,1.0
Female,43,No,Yes,19.7,Yes,No,10,41618,0.0
Female,21,Yes,Yes,18.2,Yes,No,11,24408,0.0
Male,51,Yes,Yes,17.0,Yes,No,15,24241,0.0
Female,69,Yes,No,1.1,No,Yes,17,47940,1.0
Male,65,Yes,No,2.1,No,Yes,12,17402,1.0
Male,35,Yes,Yes,11.4,Yes,No,2,25766,0.0
Male,57,No,No,10.6,No,Yes,14,3657,0.0
Male,52,Yes,No,9.2,Yes,Yes,13,21230,0.0
Male,58,Yes,No,7.9,No,Yes,17,18680,1.0
Female,46,No,No,8.6,Yes,Yes,13,17158,0.0
Male,69,No,No,11.4,No,No,4,19195,0.0
Male,46,No,No,0.0,No,Yes,13,42340,1.0
Female,55,Yes,Yes,5.2,No,No,7,35950,1.0
Male,59,Yes,Yes,10.4,Yes,No,14,12979,0.0
Female,38,Yes,Yes,14.4,Yes,Yes,14,7867,0.0
Female,59,No,Yes,3.5,Yes,No,18,15155,0.0
Female,30,Yes,Yes,10.9,No,No,19,13006,1.0
Male,66,No,No,14.3,No,Yes,5,4329,0.0
Male,58,Yes,Yes,8.9,Yes,No,18,22551,0.0
Male,34,No,Yes,0.5,No,No,7,35865,1.0
Female,26,Yes,No,9.0,Yes,No,5,1404,0.0
Male,58,Yes,No,5.9,Yes,No,19,37869,0.0
Male,18,Yes,Yes,18.6,Yes,No,14,1369,0.0
Male,19,No,No,2.5,Yes,No,2,39433,0.0
Female,65,No,No,13.0,No,No,9,18448,1.0
Female,46,Yes,No,1.1,No,No,14,35533,1.0
Male,50,Yes,No,8.9,No,Yes,15,24175,1.0
Male,27,Yes,Yes,11.1,Yes,Yes,16,716,0.0
Male,67,No,No,6.0,No,Yes,18,13850,1.0
Male,57,Yes,Yes,9.1,Yes,No,10,1711,0.0
Female,38,Yes,Yes,3.3,Yes,No,15,25801,0.0
Female,45,Yes,No,6.1,Yes,No,4,21751,0.0
Female,28,Yes,No,12.4,Yes,Yes,4,39029,0.0
Female,51,No,No,6.0,Yes,Yes,13,49160,0.0
Male,25,No,Yes,18.0,Yes,Yes,17,25173,0.0
Male,39,Yes,No,12.6,No,No,7,6086,1.0
Male,25,Yes,No,8.8,No,Yes,4,47130,0.0
Female,66,No,No,0.8,No,Yes,6,11223,1.0
Male,32,No,No,10.0,No,No,15,16220,1.0
Female,34,Yes,No,15.3,Yes,Yes,13,13392,0.0
Female,40,No,Yes,5.3,Yes,No,4,20051,0.0
Male,41,No,No,16.1,No,Yes,8,2246,0.0
Male,62,Yes,No,5.0,No,No,3,20010,0.0
Male,36,No,No,16.5,No,No,3,2822,0.0
Female,22,No,Yes,1.7,No,No,15,24667,1.0
Male,49,Yes,No,17.3,No,No,16,17234,1.0
Female,61,Yes,Yes,10.0,No,No,14,30654,1.0
Male,18,No,Yes,5.9,No,Yes,3,49451,0.0
Female,40,Yes,No,5.3,No,No,5,9669,0.0
Female,54,No,No,8.6,Yes,No,15,21784,0.0
Male,25,Yes,No,20.0,Yes,No,3,29672,0.0
Female,30,No,Yes,4.4,Yes,No,5,1082,0.0
Female,25,Yes,Yes,2.1,Yes,Yes,4,11148,0.0
Male,40,No,Yes,11.7,No,No,15,27494,1.0
Female,60,No,Yes,9.8,Yes,Yes,15,40935,0.0
Male,18,No,Yes,10.5,No,No,9,9557,1.0
Female,62,Yes,Yes,13.3,Yes,No,8,44496,0.0
Male,68,Yes,No,5.3,No,Yes,3,36719,0.0
Male,41,No,No,18.2,No,Yes,13,47445,1.0
Female,52,No,Yes,8.7,Yes,Yes,3,48737,0.0
Female,41,Yes,No,2.6,Yes,No,11,41735,0.0
Female,34,Yes,No,14.8,No,Yes,9,39536,1.0
Female,22,Yes,Yes,12.9,No,No,3,14039,0.0
Female,37,Yes,Yes,6.3,No,Yes,17,2303,0.0
Male,38,Yes,No,12.4,Yes,Yes,12,47931,0.0
Female,57,Yes,Yes,4.4,Yes,No,12,39925,0.0
Male,48,No,Yes,8.9,No,Yes,13,18281,1.0
Male,63,Yes,No,18.0,Yes,Yes,17,48897,0.0
Female,53,No,Yes,2.7,No,No,0,22209,0.0
Male,28,Yes,No,7.7,Yes,No,15,28173,0.0
Male,69,Yes,No,16.4,Yes,No,14,42287,0.0
Male,32,No,No,19.4,Yes,Yes,4,25190,0.0
Male,36,No,No,9.1,Yes,Yes,5,33012,0.0
Female,24,Yes,No,10.1,Yes,Yes,5,41716,0.0
Male,68,No,Yes,11.4,No,Yes,2,41783,0.0
Female,45,No,Yes,18.6,No,Yes,15,43787,1.0
Female,68,No,Yes,17.2,Yes,No,11,20191,0.0
Male,60,No,Yes,3.4,No,Yes,3,2779,0.0
Female,22,Yes,No,8.7,No,No,0,18230,0.0
Female,22,No,No,9.3,Yes,Yes,3,46491,0.0
Female,47,Yes,Yes,15.8,No,No,0,23405,0.0
Male,49,Yes,No,12.1,Yes,Yes,7,12803,0.0
Female,25,Yes,Yes,13.1,No,Yes,4,49625,0.0
Female,27,Yes,Yes,20.0,No,No,1,27825,0.0
Female,55,No,Yes,1.5,No,Yes,11,13698,1.0
Male,64,No,No,4.5,No,No,16,34560,1.0
Female,49,Yes,No,8.2,No,Yes,6,15376,1.0
Male,65,Yes,No,7.0,No,Yes,10,18118,1.0
Male,45,Yes,No,0.4,No,No,3,13117,0.0
Male,34,Yes,Yes,1.8,Yes,Yes,4,39983,0.0
Male,48,No,No,13.6,Yes,No,5,37956,0.0
Male,25,Yes,No,17.6,Yes,Yes,10,48786,0.0
Male,57,No,No,10.3,Yes,Yes,0,47469,0.0
Female,42,Yes,Yes,10.8,No,Yes,9,38049,1.0
Male,26,Yes,Yes,5.1,No,Yes,19,22242,1.0
Female,19,Yes,No,15.4,No,Yes,10,944,0.0
Female,32,Yes,No,15.0,Yes,Yes,16,31695,0.0
Male,67,No,No,11.8,Yes,Yes,7,1511,0.0
Female,20,No,No,4.3,Yes,No,12,45486,0.0
Female,66,No,Yes,1.9,No,Yes,19,22502,1.0
Female,53,Yes,No,1.3,Yes,Yes,17,24805,0.0
Female,21,Yes,No,11.9,No,Yes,15,26993,1.0
Male,31,No,No,16.5,Yes,No,1,8369,0.0
Female,58,No,Yes,17.2,No,No,4,44888,0.0
Male,58,Yes,Yes,9.3,Yes,Yes,17,46489,0.0
Female,42,Yes,No,15.7,No,Yes,2,35383,0.0
Female,67,No,No,18.9,Yes,Yes,16,17997,0.0
Male,27,Yes,No,5.5,Yes,No,15,15629,0.0
Female,38,Yes,No,8.0,No,Yes,5,31949,0.0
Female,53,No,No,18.6,No,No,18,2840,0.0
Female,29,Yes,Yes,6.8,Yes,Yes,6,14051,0.0
Male,44,No,Yes,18.3,No,No,17,27523,1.0
Female,57,Yes,Yes,19.6,Yes,No,13,1774,0.0
Male,19,No,No,13.2,No,Yes,5,13262,0.0
Female,30,Yes,Yes,16.3,Yes,Yes,7,3871,0.0
Male,49,No,Yes,15.0,No,Yes,14,8273,1.0
Male,48,No,Yes,14.0,Yes,Yes,14,17229,0.0
Female,33,No,No,6.1,Yes,Yes,14,27385,0.0
Female,49,No,No,1.1,Yes,Yes,15,42176,0.0
Male,49,Yes,Yes,6.9,No,Yes,0,29289,0.0
Male,51,Yes,No,13.3,Yes,No,10,3260,0.0
Female,28,No,Yes,2.1,No,Yes,4,32019,0.0
Male,27,Yes,Yes,0.2,No,Yes,4,3145,0.0
Female,32,Yes,Yes,2.8,No,No,5,31753,0.0
Female,34,Yes,Yes,14.3,Yes,Yes,1,7802,0.0
Female,57,Yes,No,19.5,No,Yes,5,2263,0.0
Female,35,Yes,No,19.7,No,Yes,13,26913,1.0
Male,26,No,No,9.9,No,Yes,10,8155,1.0
Female,42,No,No,17.4,Yes,No,3,922,0.0
Male,57,No,Yes,14.7,No,No,8,6695,1.0
Female,31,No,No,10.0,No,Yes,2,20672,0.0
Male,42,Yes,Yes,11.5,No,Yes,15,38526,1.0
Female,67,Yes,No,2.7,No,No,10,45344,1.0
Male,39,No,No,18.8,Yes,Yes,3,19014,0.0
Male,69,Yes,No,7.0,Yes,No,0,7816,0.0
Female,47,Yes,Yes,8.9,No,No,15,25743,1.0
Female,37,No,Yes,13.4,No,No,18,40324,1.0
Female,38,Yes,Yes,6.7,No,Yes,15,48993,1.0
Female,61,No,Yes,5.1,No,Yes,10,28539,1.0
Male,49,No,No,12.6,Yes,Yes,7,30102,0.0
Female,68,Yes,Yes,0.5,Yes,No,0,38698,0.0
Male,63,Yes,Yes,14.4,Yes,Yes,8,11633,0.0
Male,66,No,No,10.3,Yes,Yes,11,23384,0.0
Female,38,No,No,12.1,No,No,7,3512,0.0
Male,52,Yes,Yes,12.6,No,Yes,16,6066,1.0
Male,49,No,No,10.5,Yes,Yes,9,31500,0.0
Male,47,No,Yes,11.7,Yes,Yes,6,13207,0.0
Male,56,No,No,13.7,No,No,18,20106,1.0
Female,66,Yes,Yes,15.1,No,Yes,5,14322,0.0
Female,29,No,Yes,14.5,No,No,18,34828,1.0
Female,58,Yes,Yes,17.4,No,No,17,46781,1.0
Female,64,No,Yes,3.8,No,No,14,19418,1.0
Male,35,Yes,Yes,8.0,Yes,Yes,1,2387,0.0
Male,38,No,No,19.0,Yes,Yes,13,8031,0.0
Female,30,Yes,Yes,7.9,No,Yes,9,1799,0.0
Female,38,Yes,Yes,2.5,No,No,15,35548,1.0
Female,25,Yes,Yes,10.5,Yes,No,6,33895,0.0
Male,63,No,Yes,2.2,No,Yes,7,24914,1.0
Female,57,No,Yes,4.1,Yes,No,9,40133,0.0
Female,63,No,No,20.0,Yes,Yes,14,14635,0.0
Female,24,Yes,No,10.8,Yes,Yes,7,40379,0.0
Male,40,No,Yes,5.7,Yes,Yes,12,45414,0.0
Male,61,Yes,No,19.9,No,Yes,11,7535,1.0
Male,49,No,Yes,19.3,No,Yes,7,47272,1.0
Male,28,Yes,No,8.8,Yes,Yes,14,42132,0.0
Male,39,Yes,No,5.2,No,Yes,11,2808,0.0
Male,39,Yes,Yes,16.8,No,No,10,13055,1.0
Male,60,No,No,14.3,No,Yes,18,27605,1.0
Male,42,No,No,13.7,No,No,13,26665,1.0
Female,39,No,Yes,17.9,Yes,No,17,32767,0.0
Female,45,Yes,Yes,13.8,No,Yes,12,4297,0.0
Male,46,Yes,No,5.7,Yes,No,3,43977,0.0
Male,30,No,No,13.9,Yes,No,16,20943,0.0
Female,35,No,No,6.1,No,No,18,33216,1.0
Male,19,No,Yes,15.2,Yes,Yes,8,5008,0.0
Male,46,Yes,No,12.4,No,Yes,6,21277,1.0
Male,38,Yes,No,1.5,No,Yes,0,49945,0.0
Female,32,Yes,No,10.3,Yes,Yes,6,16820,0.0
Female,69,Yes,Yes,6.9,No,Yes,6,6012,1.0
Female,44,Yes,Yes,6.6,Yes,No,19,22253,0.0
Female,67,No,Yes,12.0,Yes,No,6,29202,0.0
Female,48,Yes,Yes,6.4,No,Yes,7,29236,1.0
Male,32,Yes,No,15.5,No,No,15,1620,0.0
Female,68,Yes,Yes,1.4,No,No,2,46352,0.0
Male,40,Yes,No,13.2,Yes,No,12,33716,0.0
Male,41,Yes,No,16.2,No,No,9,9319,1.0
Female,61,No,No,13.5,Yes,Yes,17,16575,0.0
Female,30,Yes,No,9.9,Yes,Yes,6,12204,0.0
Male,39,Yes,Yes,19.0,No,Yes,4,11952,0.0
Male,60,Yes,Yes,6.0,No,No,6,17787,1.0
Male,54,No,Yes,0.4,No,No,16,33872,1.0
Female,50,No,Yes,8.6,Yes,Yes,3,29376,0.0
Female,20,No,Yes,0.7,No,Yes,15,548,0.0
Female,36,Yes,No,19.1,Yes,No,18,11640,0.0
Female,40,No,Yes,4.2,No,Yes,9,26437,1.0
Female,46,Yes,Yes,15.8,No,Yes,2,22145,0.0
Male,47,Yes,Yes,15.5,Yes,No,2,7903,0.0
Female,56,No,Yes,4.4,Yes,No,16,18168,0.0
Male,61,Yes,No,12.4,No,Yes,9,26863,1.0
Male,64,Yes,No,1.0,No,No,16,43381,1.0
Male,42,Yes,No,9.7,No,Yes,16,28548,1.0
Female,54,No,No,0.3,No,No,3,49956,0.0
Female,64,Yes,No,18.4,No,No,5,8990,0.0
Female,25,Yes,Yes,19.5,Yes,Yes,11,11467,0.0
Male,59,No,No,4.4,Yes,No,19,23901,0.0
Male,33,Yes,No,4.2,Yes,Yes,16,23301,0.0
Male,25,Yes,No,15.1,Yes,No,16,37006,0.0
Male,18,No,Yes,5.1,No,Yes,9,19644,1.0
Male,61,Yes,Yes,17.9,Yes,No,6,4367,0.0
Male,22,Yes,No,11.5,Yes,No,15,38419,0.0
Female,20,Yes,Yes,7.0,Yes,Yes,12,16204,0.0
Female,18,Yes,Yes,16.7,No,No,2,19755,0.0
Female,21,Yes,No,9.9,Yes,Yes,1,2093,0.0
Female,57,No,Yes,18.2,No,No,15,4001,0.0
Male,52,No,Yes,18.6,Yes,No,5,30783,0.0
Male,49,No,Yes,3.3,No,Yes,5,22940,0.0
Female,59,No,No,0.0,Yes,No,12,7810,0.0
Male,51,Yes,No,19.7,No,No,6,44040,1.0
Female,60,Yes,No,18.1,Yes,Yes,4,37322,0.0
Female,42,Yes,Yes,1.1,No,No,6,26008,1.0
Female,27,Yes,No,16.7,No,Yes,1,18901,0.0
Male,38,Yes,Yes,9.2,Yes,Yes,16,27433,0.0
Female,63,No,Yes,5.2,No,Yes,12,41465,1.0
Female,56,No,Yes,17.6,No,No,15,22189,1.0
Female,44,Yes,No,3.9,Yes,No,19,45139,0.0
Male,44,Yes,No,18.9,Yes,Yes,1,28730,0.0
Male,19,Yes,No,4.1,No,No,4,9236,0.0
Female,58,No,No,12.3,Yes,Yes,17,46537,0.0
Male,65,Yes,Yes,4.5,Yes,No,6,7061,0.0
Male,30,Yes,No,10.9,Yes,Yes,10,18588,0.0
Male,26,Yes,Yes,13.7,No,Yes,10,3902,0.0
Male,69,No,No,3.8,No,No,16,34120,1.0
Male,53,Yes,No,10.4,No,Yes,15,34364,1.0
Male,39,No,No,9.4,No,Yes,12,41535,1.0
Male,59,No,Yes,1.4,No,No,4,33447,0.0
Male,43,No,Yes,16.4,No,Yes,19,28874,1.0
Male,29,No,Yes,6.7,No,Yes,15,20096,1.0
Male,34,No,Yes,11.5,Yes,No,15,12020,0.0
Female,31,No,Yes,10.3,No,Yes,15,44864,1.0
Female,31,Yes,No,10.3,No,Yes,13,44153,1.0
Male,51,Yes,Yes,2.1,Yes,Yes,5,41277,0.0
Female,37,Yes,Yes,8.5,Yes,Yes,1,21685,0.0
Female,28,No,Yes,9.0,Yes,Yes,13,38502,0.0
Male,33,Yes,Yes,14.7,No,Yes,15,15675,1.0
Male,68,No,No,16.8,Yes,Yes,19,24365,0.0
Male,48,No,Yes,10.9,No,Yes,12,22276,1.0
Female,23,No,No,1.7,No,No,14,12693,1.0
Female,36,Yes,No,4.7,No,Yes,11,23513,1.0
Male,54,No,No,3.3,Yes,Yes,8,23621,0.0
Male,21,No,Yes,2.5,Yes,No,17,23711,0.0
Male,64,Yes,No,7.3,No,Yes,13,40175,1.0
Female,21,Yes,Yes,4.6,No,Yes,19,44554,1.0
Female,37,No,Yes,4.4,No,Yes,3,27785,0.0
Female,27,No,Yes,1.1,Yes,Yes,7,2542,0.0
Female,41,Yes,Yes,0.4,No,Yes,7,17062,1.0
Male,52,Yes,Yes,2.1,Yes,Yes,15,5366,0.0
Male,43,Yes,No,3.4,No,No,9,26465,1.0
Male,54,No,No,8.6,Yes,No,16,32286,0.0
Male,55,Yes,Yes,10.2,No,No,0,40178,0.0
Female,38,Yes,No,2.8,Yes,No,17,42603,0.0
Female,57,Yes,Yes,8.5,Yes,No,9,13647,0.0
Male,56,No,No,6.8,Yes,Yes,3,38309,0.0
Male,38,Yes,No,3.7,Yes,Yes,0,49986,0.0
Female,27,Yes,No,0.1,Yes,Yes,3,43201,0.0
Male,55,Yes,No,9.3,Yes,Yes,3,43315,0.0
Female,63,Yes,No,13.7,No,Yes,3,9860,0.0
Male,21,Yes,Yes,4.5,No,No,16,10745,1.0
Male,62,No,Yes,2.6,No,No,8,6818,1.0
Male,37,No,No,17.7,No,Yes,18,14101,1.0
Male,34,No,Yes,5.5,Yes,Yes,12,5028,0.0
Male,24,Yes,No,4.5,No,Yes,3,32725,0.0
Male,21,No,Yes,17.1,Yes,No,4,48566,0.0
Male,46,No,No,16.3,Yes,No,12,43722,0.0
Female,31,No,No,9.0,Yes,Yes,15,21087,0.0
Female,20,Yes,No,9.8,No,No,4,45538,0.0
Female,41,Yes,Yes,4.4,Yes,Yes,7,9438,0.0
Female,54,No,Yes,1.6,No,No,15,18156,1.0
Female,33,No,No,11.5,No,No,0,18548,0.0
Male,69,Yes,No,2.0,No,Yes,5,39879,0.0
Male,21,Yes,Yes,9.0,No,No,10,24767,1.0
Female,41,No,Yes,18.8,No,No,15,38881,1.0
Male,51,Yes,Yes,19.1,Yes,Yes,4,2563,0.0
Female,47,No,Yes,4.8,Yes,No,15,48657,0.0
Female,35,Yes,Yes,12.5,No,Yes,6,8498,1.0
Male,36,No,No,9.5,Yes,No,18,8131,0.0
Male,48,No,Yes,17.5,No,Yes,0,25107,0.0
Male,36,Yes,No,5.4,Yes,Yes,8,28793,0.0
Female,66,No,No,0.1,Yes,No,17,2696,0.0
Male,63,No,Yes,3.3,Yes,No,12,23705,0.0
Female,36,No,Yes,7.0,Yes,Yes,14,23397,0.0
Female,39,Yes,No,6.3,Yes,No,2,7704,0.0
Female,41,Yes,Yes,15.8,Yes,No,9,16442,0.0
Male,62,Yes,No,13.6,Yes,No,8,9765,0.0
Male,29,No,Yes,6.0,Yes,Yes,12,10002,0.0
Female,47,Yes,Yes,9.2,Yes,Yes,15,11390,0.0
Male,55,No,Yes,1.9,Yes,Yes,2,44436,0.0
Male,48,No,No,18.0,Yes,No,14,18946,0.0
Male,53,Yes,Yes,18.7,Yes,No,16,49012,0.0
Female,36,Yes,No,19.6,Yes,Yes,13,6641,0.0
Female,65,No,Yes,17.4,No,Yes,6,33709,1.0
Male,62,No,No,3.5,Yes,No,19,45583,0.0
Female,53,Yes,Yes,0.9,Yes,No,15,39309,0.0
Male,47,Yes,No,11.6,Yes,No,7,15624,0.0
Male,66,Yes,No,18.3,Yes,No,3,9966,0.0
Male,50,No,No,3.5,Yes,Yes,19,23814,0.0
Male,35,No,No,0.1,Yes,No,14,34189,0.0
Female,69,No,No,16.1,No,No,4,5765,0.0
Female,66,No,No,1.5,No,Yes,12,30222,1.0
Female,45,No,Yes,8.3,No,Yes,5,49587,0.0
Male,64,Yes,No,13.6,Yes,No,4,17223,0.0
Male,28,Yes,No,4.7,Yes,Yes,16,36769,0.0
Male,62,No,No,1.7,Yes,No,6,12647,0.0
Female,50,No,Yes,15.4,No,No,5,38016,0.0
Male,34,Yes,Yes,12.6,Yes,Yes,1,4959,0.0
Female,23,Yes,Yes,19.8,Yes,Yes,10,27257,0.0
Female,21,Yes,No,6.9,No,No,6,31984,1.0
Female,37,Yes,Yes,1.2,No,Yes,7,22212,1.0
Female,65,No,Yes,14.7,Yes,No,4,27215,0.0
Female,64,Yes,No,10.4,Yes,No,17,36657,0.0
Female,44,No,No,4.3,Yes,No,15,29057,0.0
Male,32,Yes,Yes,15.6,Yes,Yes,13,34094,0.0
Male,23,Yes,No,4.1,No,No,11,38669,1.0
Female,64,Yes,No,5.2,Yes,No,16,36126,0.0
Female,31,No,No,1.9,Yes,No,4,34353,0.0
Male,28,No,No,8.0,No,Yes,13,13500,1.0
Female,56,Yes,Yes,8.4,Yes,No,5,44328,0.0
Female,26,No,No,10.3,Yes,No,14,16772,0.0
Male,43,No,Yes,14.2,No,No,6,48586,1.0
Female,33,Yes,Yes,18.1,No,Yes,13,3332,0.0
Female,22,Yes,Yes,2.8,Yes,No,17,49855,0.0
Female,69,No,Yes,1.1,No,No,0,22218,0.0
Male,27,No,No,0.4,No,Yes,5,35588,0.0
Male,67,No,No,2.9,Yes,Yes,2,15472,0.0
Male,20,Yes,No,13.2,No,No,4,4959,0.0
Female,30,Yes,Yes,14.5,Yes,No,11,17443,0.0
Female,60,No,Yes,15.7,Yes,No,10,45134,0.0
Male,66,Yes,Yes,4.9,Yes,Yes,12,25874,0.0
Female,47,Yes,No,6.1,Yes,Yes,15,1301,0.0
Female,62,No,Yes,9.7,No,No,17,43319,1.0
Female,23,No,No,1.3,Yes,Yes,16,24080,0.0
Female,34,Yes,No,12.2,Yes,No,16,20683,0.0
Female,62,Yes,No,19.7,Yes,No,10,29656,0.0
Male,68,No,No,7.2,Yes,Yes,19,22455,0.0
Female,36,Yes,Yes,15.1,No,No,9,4112,0.0
Male,59,Yes,No,10.0,No,Yes,15,45531,1.0
Female,52,No,Yes,2.6,No,Yes,1,44542,0.0
Male,63,No,No,11.6,Yes,No,16,16882,0.0
Female,43,Yes,Yes,6.0,No,Yes,19,32145,1.0
Male,68,Yes,Yes,0.7,No,No,9,41388,1.0
Female,22,Yes,No,12.7,Yes,Yes,12,32735,0.0
Male,46,No,No,17.2,No,No,11,7245,1.0
Female,54,Yes,No,6.9,Yes,No,14,44599,0.0
Male,37,Yes,Yes,7.8,No,No,6,2105,0.0
Female,66,No,No,17.8,No,Yes,12,42513,1.0
Male,38,No,No,16.3,No,No,11,21711,1.0
Male,27,Yes,Yes,14.3,No,Yes,11,5630,1.0
Female,22,No,No,5.0,Yes,Yes,1,3206,0.0
Female,53,No,Yes,18.2,Yes,Yes,4,18953,0.0
Male,23,Yes,No,3.1,No,Yes,1,35396,0.0
Female,43,No,Yes,12.5,Yes,Yes,19,10068,0.0
Male,21,No,Yes,0.6,No,No,12,13394,1.0
Male,56,Yes,No,12.9,No,Yes,2,1067,0.0
Male,56,No,Yes,5.5,No,No,10,15245,1.0
Female,67,Yes,No,9.0,No,No,15,9859,1.0
Male,52,Yes,No,6.9,No,Yes,0,29164,0.0
Male,18,No,Yes,3.5,No,No,18,39410,1.0
Female,41,No,No,12.4,Yes,No,10,15377,0.0
Female,53,No,Yes,17.6,Yes,Yes,8,36834,0.0
Female,23,Yes,Yes,19.2,No,No,13,33715,1.0
Female,58,No,Yes,3.8,Yes,Yes,8,20773,0.0
Male,63,Yes,Yes,14.3,No,Yes,6,33939,1.0
Male,61,No,Yes,13.3,Yes,Yes,15,48599,0.0
Male,48,No,Yes,6.9,Yes,No,2,6114,0.0
Male,37,No,Yes,0.4,Yes,No,18,32939,0.0
Female,41,Yes,Yes,13.8,No,No,3,12818,0.0
Male,42,No,No,18.9,Yes,No,6,9335,0.0
Male,53,No,No,12.6,No,Yes,11,42819,1.0
Female,38,Yes,Yes,8.7,No,Yes,17,6209,1.0
Male,47,Yes,No,10.5,No,No,4,43148,0.0
Male,41,No,No,4.0,Yes,Yes,9,3577,0.0
Male,61,No,No,15.0,Yes,No,11,8380,0.0
Male,59,No,No,14.9,Yes,Yes,7,4076,0.0
Male,47,Yes,No,2.9,No,Yes,18,32925,1.0
Male,39,Yes,No,17.6,No,Yes,14,40545,1.0
Female,45,Yes,Yes,5.4,Yes,Yes,0,41205,0.0
Female,24,Yes,No,19.6,No,Yes,2,11095,0.0
Male,52,No,No,7.7,Yes,No,17,48047,0.0
Male,45,Yes,No,3.6,Yes,No,17,19179,0.0
Female,31,Yes,No,7.0,Yes,Yes,1,39968,0.0
Male,27,Yes,Yes,8.8,Yes,No,4,28400,0.0
Male,33,No,Yes,1.4,No,Yes,0,18761,0.0
Male,33,No,Yes,11.6,Yes,Yes,9,47615,0.0
Female,48,Yes,Yes,12.0,Yes,Yes,19,41809,0.0
Male,59,Yes,No,14.8,Yes,Yes,9,1810,0.0
Female,42,No,Yes,0.6,Yes,No,4,21574,0.0
Male,30,No,Yes,10.8,Yes,Yes,17,28562,0.0
Female,23,No,Yes,1.1,Yes,No,14,40663,0.0
Female,61,No,Yes,14.0,Yes,Yes,19,18510,0.0
Male,26,No,No,1.1,No,Yes,7,6953,1.0
Female,62,No,Yes,18.2,No,No,16,39091,1.0
Male,53,No,No,14.0,No,Yes,11,22131,1.0
Female,60,No,Yes,10.1,No,Yes,11,26883,1.0
Male,37,Yes,No,8.8,Yes,No,0,38373,0.0
Male,35,Yes,No,2.6,No,No,3,5891,0.0
Female,60,Yes,Yes,5.8,No,No,7,35844,1.0
Male,38,Yes,Yes,17.4,No,Yes,0,18728,0.0
Male,21,Yes,Yes,18.1,Yes,Yes,14,33387,0.0
Female,67,Yes,Yes,0.0,No,No,17,11094,1.0
Male,50,No,No,11.9,No,No,0,2407,0.0
Male,44,No,No,14.4,Yes,Yes,10,12644,0.0
Female,24,Yes,Yes,12.4,No,Yes,1,35772,0.0
Female,23,Yes,Yes,1.6,Yes,No,0,20298,0.0
Male,32,No,No,4.4,No,No,11,43446,1.0
Male,35,No,Yes,5.0,Yes,No,15,36807,0.0
Female,49,No,No,16.6,No,No,9,34072,1.0
Female,28,Yes,Yes,9.3,No,Yes,17,38398,1.0
Male,37,No,No,9.7,No,Yes,14,28669,1.0
Female,41,Yes,No,18.7,Yes,Yes,16,30161,0.0
Male,32,Yes,No,12.7,No,Yes,9,7282,1.0
Male,65,No,No,18.0,Yes,No,2,26539,0.0
Male,24,No,No,9.1,Yes,Yes,15,3307,0.0
Male,38,Yes,Yes,3.0,Yes,No,5,17745,0.0
Male,59,No,No,18.6,Yes,Yes,2,39433,0.0
Female,43,No,Yes,9.2,No,Yes,8,37062,1.0
Female,61,Yes,No,3.6,No,Yes,10,34555,1.0
Female,31,No,No,6.0,No,No,12,1073,0.0
Female,54,Yes,Yes,1.0,Yes,Yes,17,32683,0.0
Male,38,Yes,Yes,9.4,No,No,3,25741,0.0
Male,35,No,Yes,17.1,Yes,No,7,22286,0.0
Male,22,Yes,Yes,18.7,Yes,Yes,12,3599,0.0
Male,20,Yes,No,18.7,Yes,No,9,27293,0.0
Female,40,No,Yes,2.5,No,Yes,1,15389,0.0
Male,43,No,No,7.6,No,No,7,44113,1.0
Male,54,No,Yes,0.6,Yes,Yes,5,12318,0.0
Female,41,Yes,Yes,17.1,No,No,15,48875,1.0
Female,66,Yes,No,7.2,No,No,17,3055,0.0
Female,36,No,No,12.6,Yes,Yes,16,17043,0.0
Female,68,Yes,Yes,14.3,Yes,Yes,5,6320,0.0
Male,42,No,No,8.6,No,Yes,12,39281,1.0
Male,38,No,No,6.1,Yes,Yes,13,4642,0.0
Female,29,Yes,No,19.2,Yes,No,9,27158,0.0
Male,58,No,No,19.3,No,No,10,9321,1.0
Male,50,Yes,No,5.8,No,No,12,14432,1.0
Male,67,Yes,No,9.6,Yes,No,11,22757,0.0
Female,21,No,No,19.5,No,Yes,8,37234,1.0
Male,59,Yes,No,0.1,Yes,No,3,26044,0.0
Female,24,No,Yes,8.3,Yes,Yes,6,21971,0.0
Male,39,Yes,No,2.0,No,No,1,44226,0.0
Male,50,Yes,Yes,10.2,Yes,Yes,6,48647,0.0
Male,34,Yes,No,0.5,Yes,Yes,8,25727,0.0
Female,41,No,No,8.1,Yes,Yes,4,22559,0.0
Male,51,Yes,No,4.4,No,Yes,14,8284,1.0
Female,45,No,No,10.7,No,Yes,17,43526,1.0
Female,60,Yes,Yes,19.9,No,No,3,17665,0.0
Female,58,Yes,Yes,16.0,Yes,Yes,18,27476,0.0
Male,56,No,No,16.9,Yes,No,19,10991,0.0
Male,39,No,Yes,12.7,No,No,6,19561,1.0
Male,66,No,No,0.8,No,Yes,7,4511,0.0
Male,34,No,No,4.1,No,No,16,10796,1.0
Female,51,No,Yes,18.5,Yes,No,12,3881,0.0
Female,23,Yes,Yes,7.3,No,No,10,15668,1.0
Female,63,Yes,No,2.1,Yes,Yes,0,35181,0.0
Male,23,No,No,14.0,No,Yes,1,34312,0.0
Female,51,Yes,Yes,6.0,Yes,Yes,16,28106,0.0
Male,18,Yes,No,5.4,Yes,Yes,4,27222,0.0
Female,27,Yes,Yes,20.0,No,No,5,15729,0.0
Male,38,No,No,17.2,Yes,No,6,4784,0.0
Male,22,Yes,No,8.2,No,No,14,38394,1.0
Female,19,Yes,Yes,19.6,Yes,No,18,37282,0.0
Female,39,Yes,Yes,13.0,Yes,No,15,33913,0.0
Female,65,No,Yes,14.8,No,No,12,9102,1.0
Female,19,Yes,No,0.6,Yes,Yes,4,44266,0.0
Male,27,Yes,No,2.4,No,No,2,38218,0.0
Female,51,No,No,12.7,No,No,2,17950,0.0
Female,33,No,No,18.0,No,No,18,4507,0.0
Female,65,Yes,Yes,12.5,Yes,Yes,13,46303,0.0
Male,68,Yes,No,2.7,Yes,No,15,37016,0.0
Male,56,No,No,2.3,Yes,No,16,13523,0.0
Female,39,No,No,16.9,No,Yes,3,24667,0.0
Male,29,No,Yes,2.8,No,No,12,3992,0.0
Female,41,No,No,10.4,Yes,Yes,7,41290,0.0
Male,64,No,No,0.7,Yes,Yes,18,8027,0.0
Male,57,No,Yes,1.6,No,No,4,22144,0.0
Male,55,No,No,13.4,Yes,No,1,25530,0.0
Male,27,Yes,No,13.8,No,Yes,14,44740,1.0
Female,52,No,Yes,6.8,Yes,No,1,15305,0.0
Female,68,No,No,4.3,No,No,10,43561,1.0
Female,66,Yes,No,16.3,Yes,Yes,12,21731,0.0
Male,49,No,No,4.3,Yes,Yes,9,20673,0.0
Female,24,No,Yes,10.8,No,No,2,33297,0.0
Female,38,Yes,No,19.4,No,Yes,4,25842,0.0
Female,37,No,No,3.0,No,No,2,23827,0.0
Male,43,Yes,Yes,18.8,Yes,No,5,37502,0.0
Male,21,Yes,Yes,3.7,No,No,12,46666,1.0
Male,63,Yes,No,11.3,No,No,9,26173,1.0
Female,69,Yes,No,7.5,Yes,Yes,18,18909,0.0
Female,39,No,No,19.3,No,No,7,31007,1.0
Female,32,Yes,No,5.5,No,Yes,17,12985,1.0
Male,57,Yes,Yes,8.0,No,No,2,22525,0.0
Male,38,No,No,19.7,Yes,No,16,46757,0.0
Female,32,Yes,Yes,10.7,Yes,Yes,7,35510,0.0
Male,39,Yes,Yes,10.1,Yes,No,9,37403,0.0
Male,69,Yes,No,5.2,No,Yes,1,37193,0.0
Male,45,Yes,No,14.0,Yes,Yes,11,41429,0.0
Male,31,No,Yes,0.3,No,No,5,3830,0.0
Female,44,Yes,Yes,1.0,No,No,1,533,0.0
Male,58,No,No,12.0,No,No,2,47018,0.0
Male,57,No,Yes,6.8,Yes,No,16,20946,0.0
Male,45,Yes,No,19.1,Yes,Yes,6,23504,0.0
Male,43,Yes,No,18.1,No,No,4,45015,0.0
Female,66,Yes,Yes,14.3,No,No,0,28255,0.0
Female,19,Yes,Yes,16.4,Yes,No,7,36855,0.0
Male,42,No,No,13.3,Yes,No,11,41721,0.0
Male,20,No,Yes,2.5,Yes,No,13,46061,0.0
Male,25,No,No,15.3,No,Yes,15,41850,1.0
Male,61,Yes,No,4.2,Yes,No,9,35123,0.0
Male,50,No,No,6.5,Yes,Yes,14,34723,0.0
Male,59,Yes,Yes,16.4,Yes,No,14,35739,0.0
Female,69,Yes,No,10.7,No,No,9,5539,1.0
Male,52,Yes,No,17.2,Yes,No,6,7493,0.0
Female,23,Yes,No,4.3,No,Yes,2,35604,0.0
Female,56,Yes,No,12.2,No,No,1,21311,0.0
Male,69,No,No,1.7,No,Yes,5,37707,0.0
Female,40,No,No,12.9,Yes,Yes,8,3644,0.0
Female,42,Yes,No,15.3,Yes,No,9,20445,0.0
Female,67,No,No,11.7,Yes,Yes,3,35934,0.0
Female,60,Yes,No,5.3,No,No,2,9511,0.0
Female,36,Yes,No,0.6,Yes,No,8,183,0.0
Female,22,Yes,No,2.4,No,Yes,16,9475,1.0
Male,68,No,Yes,12.4,Yes,No,13,19230,0.0
Female,28,Yes,No,18.7,Yes,No,9,26008,0.0
Female,29,Yes,No,4.1,Yes,Yes,12,11332,0.0
Female,27,No,No,14.7,Yes,Yes,11,47941,0.0
Male,25,No,Yes,17.3,No,Yes,0,42756,0.0
Female,41,No,No,10.4,No,Yes,18,4722,0.0
Male,45,Yes,Yes,13.4,No,Yes,18,15194,1.0
Female,58,Yes,No,16.3,No,Yes,5,26631,0.0
Male,53,No,No,5.2,Yes,No,12,27912,0.0
Male,54,Yes,Yes,5.9,No,Yes,18,17166,1.0
Female,38,No,No,0.0,No,Yes,12,46840,1.0
Female,25,No,Yes,19.3,No,No,3,15976,0.0
Male,26,Yes,Yes,18.4,Yes,No,1,38623,0.0
Female,64,Yes,No,15.3,No,Yes,14,46062,1.0
Male,32,No,No,1.6,No,Yes,11,12046,1.0
Male,65,No,No,9.0,Yes,No,6,33444,0.0
Male,63,No,No,2.0,Yes,Yes,19,23634,0.0
Male,57,No,Yes,0.3,No,Yes,17,4090,0.0
Male,35,Yes,Yes,12.3,No,No,12,45266,1.0
Female,59,No,No,19.2,Yes,Yes,16,30008,0.0
Male,37,No,Yes,18.1,No,No,3,22107,0.0
Male,23,No,Yes,13.9,Yes,Yes,13,45545,0.0
Female,29,Yes,No,1.9,No,No,19,8382,1.0
Male,19,Yes,Yes,5.5,No,No,12,47774,1.0
Female,24,No,Yes,6.4,No,No,2,9034,0.0
Female,33,Yes,No,15.3,No,Yes,17,8526,1.0
Female,20,Yes,Yes,16.0,No,No,13,24073,1.0
Male,62,Yes,No,7.7,Yes,Yes,14,46698,0.0
Male,20,No,Yes,8.4,Yes,No,2,1110,0.0
Male,44,No,No,0.9,No,No,0,49730,0.0
Female,67,Yes,Yes,5.8,No,No,16,16445,1.0
Male,60,No,Yes,9.0,No,Yes,2,386,0.0
Female,57,No,No,2.3,Yes,Yes,13,18584,0.0
Male,55,Yes,No,9.1,Yes,No,2,45674,0.0
Female,50,Yes,No,17.1,Yes,Yes,12,34451,0.0
Male,45,No,No,11.6,Yes,Yes,14,47801,0.0
Male,18,Yes,Yes,1.6,Yes,Yes,17,48476,0.0
Male,25,No,Yes,3.8,Yes,No,13,30549,0.0
Female,54,No,Yes,9.5,Yes,Yes,2,6321,0.0
Female,49,Yes,No,7.2,Yes,No,18,24440,0.0
Male,65,No,Yes,7.2,No,No,7,31566,1.0
Male,60,No,Yes,10.6,Yes,No,3,41446,0.0
Female,54,Yes,No,11.7,Yes,Yes,3,32521,0.0
Female,21,Yes,No,15.9,Yes,No,18,44692,0.0
Female,47,Yes,Yes,6.8,Yes,Yes,10,23798,0.0
Male,23,No,No,16.1,No,Yes,0,13565,0.0
Female,63,Yes,Yes,6.8,Yes,No,7,23027,0.0
Male,36,Yes,Yes,1.1,No,No,14,41500,1.0
Female,49,Yes,No,11.1,No,No,0,32095,0.0
Male,26,Yes,Yes,11.8,No,Yes,6,5631,1.0
Female,29,No,No,18.7,Yes,Yes,19,24329,0.0
Female,28,No,No,14.5,Yes,No,19,43020,0.0
Female,63,Yes,Yes,18.4,Yes,No,10,45206,0.0
Female,33,No,Yes,18.2,No,Yes,13,37937,1.0
Female,18,Yes,Yes,12.1,No,Yes,15,6787,1.0
Male,62,Yes,No,10.6,No,No,13,38000,1.0
Female,38,No,Yes,11.1,No,Yes,11,26875,1.0
Female,47,No,No,19.6,Yes,Yes,16,24514,0.0
Female,30,Yes,No,15.5,Yes,Yes,13,22580,0.0
Male,51,Yes,Yes,2.1,Yes,Yes,9,20291,0.0
Female,21,No,No,15.6,No,Yes,13,4288,0.0
Male,45,Yes,Yes,3.4,No,Yes,17,6734,1.0
Female,55,No,Yes,8.9,Yes,No,8,17464,0.0
Female,48,Yes,Yes,4.2,Yes,Yes,16,39008,0.0
Male,44,Yes,Yes,13.8,No,No,5,49349,0.0
Female,22,No,Yes,17.5,Yes,No,7,7814,0.0
Male,42,No,Yes,5.8,Yes,Yes,12,43154,0.0
Male,20,No,Yes,1.6,No,No,17,7851,1.0
Female,50,No,No,6.0,No,No,4,1600,0.0
Male,21,No,Yes,13.4,No,No,5,6866,0.0
Female,42,No,No,6.6,Yes,Yes,18,3692,0.0
Female,37,No,No,5.6,No,No,3,20373,0.0
Male,51,Yes,No,3.7,Yes,Yes,6,33100,0.0
Male,43,Yes,Yes,10.0,Yes,No,3,46477,0.0
Male,22,Yes,No,5.5,No,No,10,46877,1.0
Male,52,No,No,14.6,Yes,No,11,14847,0.0
Female,45,No,Yes,1.5,No,No,13,14507,1.0
Female,46,No,Yes,13.3,No,Yes,12,9963,1.0
Male,26,Yes,No,4.8,Yes,No,9,6106,0.0
Female,69,No,Yes,9.8,Yes,No,17,7333,0.0
Female,55,No,Yes,5.7,No,Yes,15,48826,1.0
Female,67,Yes,Yes,14.5,No,Yes,4,31913,0.0
Female,23,No,Yes,18.9,No,Yes,7,31283,1.0
Male,36,Yes,No,18.3,No,No,13,39423,1.0
Male,61,Yes,Yes,11.7,No,Yes,4,38076,0.0
Female,28,No,Yes,9.3,No,Yes,7,29815,1.0
Male,19,No,Yes,16.4,Yes,Yes,5,20584,0.0
Male,64,No,No,13.7,Yes,Yes,15,25382,0.0
Male,61,Yes,No,3.7,Yes,Yes,3,1064,0.0
Female,61,Yes,Yes,16.4,Yes,Yes,11,41848,0.0
Female,26,Yes,Yes,8.6,No,No,10,43883,1.0
Female,38,No,No,3.8,Yes,Yes,2,6820,0.0
Male,41,No,Yes,5.6,Yes,No,11,8512,0.0
Female,51,No,Yes,5.4,No,Yes,4,36725,0.0
Female,39,No,No,10.4,Yes,Yes,5,19615,0.0
Male,20,Yes,Yes,4.7,No,Yes,18,39776,1.0
Female,29,Yes,Yes,2.5,No,No,17,48812,1.0
Female,45,Yes,No,2.5,No,Yes,15,17884,1.0
Male,47,Yes,No,11.7,No,Yes,10,47455,1.0
Male,43,No,Yes,14.7,No,Yes,4,17952,0.0
Male,65,No,No,6.4,Yes,Yes,8,9711,0.0
Female,38,No,Yes,0.7,Yes,No,2,20473,0.0
Female,45,Yes,Yes,2.5,Yes,No,7,18249,0.0
Female,43,Yes,Yes,18.3,No,No,5,9597,0.0
Male,50,No,No,9.9,Yes,No,3,21984,0.0
Male,38,No,No,9.1,Yes,No,11,48022,0.0
Female,52,Yes,Yes,0.8,Yes,Yes,11,16388,0.0
Female,69,No,Yes,14.6,Yes,Yes,15,47137,0.0
Male,51,Yes,No,10.6,No,Yes,9,40727,1.0
Male,58,Yes,No,4.0,Yes,No,13,18782,0.0
Male,68,Yes,No,2.2,No,Yes,12,6608,1.0
Male,64,No,Yes,7.7,No,No,8,33115,1.0
Female,35,No,No,16.7,Yes,Yes,6,45180,0.0
Male,28,Yes,No,17.3,No,No,11,42773,1.0
Female,40,No,Yes,12.1,No,Yes,4,6500,0.0
Female,65,Yes,Yes,14.6,No,Yes,17,35342,1.0
Female,39,Yes,Yes,2.3,No,Yes,3,20209,0.0
Male,34,Yes,No,11.8,No,Yes,1,20977,0.0
Male,22,Yes,Yes,13.3,No,No,2,38040,0.0
Male,61,No,Yes,4.0,No,Yes,11,49300,1.0
Male,28,Yes,Yes,17.6,Yes,Yes,2,41462,0.0
Female,47,Yes,Yes,3.9,Yes,Yes,3,3521,0.0
Male,32,No,No,6.3,No,No,5,1300,0.0
Male,44,Yes,Yes,12.4,No,Yes,11,27075,1.0
Female,52,Yes,No,12.8,Yes,Yes,18,23979,0.0
Male,50,No,No,14.0,Yes,Yes,9,30802,0.0
Female,37,No,No,2.2,Yes,Yes,0,12225,0.0
Female,33,No,Yes,17.0,Yes,Yes,16,11481,0.0
Female,51,Yes,No,10.7,No,No,15,21217,1.0
Female,19,No,Yes,9.4,No,No,8,44813,1.0
Female,52,No,Yes,19.6,Yes,No,8,37153,0.0
Female,57,Yes,Yes,14.8,Yes,Yes,8,14755,0.0
Female,45,Yes,No,2.4,Yes,No,11,24914,0.0
Female,64,Yes,Yes,15.1,Yes,Yes,8,35592,0.0
Male,56,Yes,Yes,1.9,No,Yes,14,26269,1.0
Male,23,Yes,Yes,0.5,Yes,Yes,1,38732,0.0
Male,26,No,No,8.1,Yes,Yes,10,24555,0.0
Male,37,No,No,19.9,Yes,No,10,19874,0.0
Female,18,No,No,3.5,No,No,7,36535,1.0
Male,25,Yes,Yes,13.5,No,No,5,46344,0.0
Female,40,Yes,No,3.5,No,Yes,19,45036,1.0
Male,20,Yes,Yes,14.5,Yes,No,6,7925,0.0
Male,21,No,Yes,10.1,Yes,No,2,3107,0.0
Male,42,No,No,13.6,Yes,Yes,7,20852,0.0
Female,64,Yes,Yes,4.1,No,No,17,30183,1.0
Male,55,No,No,14.9,No,Yes,16,27617,1.0
Female,32,Yes,Yes,19.9,Yes,No,10,8722,0.0
Female,38,No,No,13.3,Yes,No,1,22631,0.0
Male,52,No,Yes,9.9,No,No,18,31622,1.0
Male,63,No,Yes,18.5,Yes,Yes,6,7883,0.0
Male,69,Yes,Yes,0.3,Yes,No,17,19708,0.0
Female,31,No,Yes,14.6,Yes,No,7,46221,0.0
Male,53,No,Yes,17.8,No,No,13,17197,1.0
Female,29,Yes,No,1.2,Yes,No,6,21134,0.0
Female,34,No,Yes,9.0,Yes,Yes,3,40386,0.0
Male,56,Yes,No,4.1,Yes,Yes,16,33550,0.0
Male,26,Yes,No,11.3,Yes,No,4,14642,0.0
Female,52,Yes,No,13.0,No,No,11,20439,1.0
Female,30,Yes,Yes,6.1,No,No,8,32243,1.0
Female,32,Yes,Yes,9.2,No,Yes,19,40557,1.0
Male,35,No,Yes,5.6,Yes,No,12,24583,0.0
Female,68,Yes,No,7.4,No,No,17,28349,1.0
Male,50,Yes,Yes,3.2,Yes,Yes,19,14002,0.0
Female,23,Yes,Yes,17.7,No,Yes,8,19523,1.0
Female,44,Yes,No,0.2,Yes,Yes,3,44749,0.0
Male,40,No,No,17.6,No,No,7,5007,1.0
Female,44,Yes,No,11.4,No,Yes,0,20435,0.0
Male,51,No,No,6.6,No,Yes,16,40343,1.0
Male,63,Yes,No,14.5,Yes,No,8,25093,0.0
Female,55,No,No,10.2,Yes,Yes,19,48952,0.0
Male,31,Yes,Yes,10.0,Yes,No,12,11294,0.0
Male,53,Yes,No,2.2,No,No,1,38405,0.0
Female,25,No,Yes,7.8,Yes,Yes,12,45538,0.0
Male,52,Yes,Yes,4.8,Yes,No,8,47310,0.0
Male,36,No,Yes,0.3,Yes,Yes,19,10908,0.0
Male,47,Yes,No,7.2,Yes,Yes,5,49730,0.0
Female,31,No,Yes,1.8,Yes,Yes,0,12699,0.0
Male,37,Yes,No,5.1,Yes,No,4,34633,0.0
Female,66,Yes,No,1.9,No,Yes,2,1376,0.0
Female,42,No,Yes,2.0,No,No,3,14255,0.0
Male,57,Yes,No,4.0,Yes,No,0,13647,0.0
Male,41,Yes,Yes,20.0,No,No,13,38176,1.0
Male,31,Yes,Yes,0.0,No,Yes,8,8163,1.0
Female,43,Yes,No,12.8,Yes,No,3,39051,0.0
Male,55,Yes,Yes,2.8,Yes,No,17,34744,0.0
Male,40,Yes,Yes,18.4,No,Yes,13,6443,1.0
Male,39,No,Yes,1.9,Yes,Yes,3,13324,0.0
Male,65,No,No,19.1,No,No,9,21143,1.0
Male,36,No,Yes,12.2,No,No,2,40363,0.0
Female,63,Yes,No,0.0,No,Yes,6,4920,0.0
Female,68,No,No,17.9,Yes,No,9,17375,0.0
Male,20,Yes,Yes,10.4,No,No,12,37996,1.0
Male,59,Yes,Yes,5.3,Yes,No,3,11748,0.0
Male,36,Yes,No,15.3,Yes,No,17,28535,0.0
Male,26,Yes,No,18.5,Yes,Yes,10,15715,0.0
Female,45,No,Yes,9.7,Yes,No,3,47252,0.0
Male,37,Yes,Yes,6.3,Yes,Yes,13,6450,0.0
Female,62,No,No,15.8,No,No,17,25010,1.0
Female,24,Yes,No,13.6,Yes,Yes,7,20,0.0
Male,31,No,No,17.8,Yes,No,9,14717,0.0
Female,26,No,No,13.9,Yes,Yes,4,47348,0.0
Female,36,No,No,4.9,Yes,No,6,42885,0.0
Female,64,No,Yes,18.6,Yes,Yes,11,9664,0.0
Female,69,No,No,2.1,No,No,2,1099,0.0
Male,31,No,No,5.4,Yes,No,3,23225,0.0
Male,55,Yes,Yes,10.4,Yes,Yes,9,2637,0.0
Female,53,No,Yes,11.3,No,Yes,3,41349,0.0
Male,57,Yes,No,0.3,Yes,Yes,14,40512,0.0
Male,34,No,No,15.6,No,Yes,9,19797,1.0
Male,47,Yes,Yes,7.2,No,Yes,15,40225,1.0
Male,26,No,No,8.1,No,No,14,10807,1.0
Male,50,No,No,16.2,No,Yes,18,17738,1.0
Female,69,Yes,Yes,7.6,Yes,Yes,19,6402,0.0
Male,42,No,No,0.9,Yes,No,18,4521,0.0
Male,31,No,Yes,3.5,No,Yes,17,49157,1.0
Male,28,No,Yes,19.1,No,Yes,11,8382,1.0
